"","comuna","1990","1992","1994","1996","1998","2000","2003","2006","2009","2011","2013","2015"
"1","Algarrobo",NA,29872,33433,NA,80047,NA,67280,86816,133286,146134,112000,187116
"2","Alhué",12210,25825,29842,NA,38872,53126,55187,67969,139138,118904,127708,181693
"3","Alto Bíobío",NA,NA,NA,NA,NA,NA,NA,40552,42046,104199,49942,93900
"4","Alto del Carmen",NA,27912,28346,30739,55737,44749,60210,90050,114707,109400,113457,139167
"5","Alto Hospicio",NA,NA,NA,NA,NA,NA,55715,66828,112800,119795,136135,148083
"6","Ancud",NA,NA,NA,43338,47334,54647,83309,115010,120576,139962,124974,141500
"7","Andacollo",18392,24676,27029,30714,41444,44337,53771,64621,127687,194335,140625,153151
"8","Angol",18945,22099,28560,38258,33857,45622,64000,82406,76296,121177,128522,133717
"9","Antofagasta",26123,35796,45281,83205,82027,93333,100988,127031,143135,184912,203183,222475
"10","Antuco",NA,18075,24349,NA,NA,45390,44529,65932,72272,96017,106898,123701
"11","Arauco",NA,25847,29506,41893,36511,50000,59520,66582,105699,89136,118611,134095
"12","Arica",22559,33482,49221,54688,70990,62147,72942,93425,133937,131005,130344,160717
"13","Aysén",21396,31223,36308,61565,68502,66573,77280,110828,121550,148329,164667,167256
"14","Buin",20168,25752,40162,NA,64844,61409,81080,82488,133568,132046,147967,151980
"15","Bulnes",15698,22199,25204,NA,NA,43799,61205,74546,81969,102947,89776,120080
"16","Cabildo",NA,24104,31337,36369,46313,46472,58948,75396,111534,121142,109000,143739
"17","Cabrero",NA,19986,26916,NA,NA,53333,43521,69511,75360,87866,89173,134022
"18","Calama",28187,39684,52221,76608,72790,101117,102917,115902,177244,204025,154861,234057
"19","Calbuco",NA,NA,NA,NA,NA,51376,62837,77108,97927,107055,103146,122354
"20","Caldera",NA,31312,37487,72325,52133,61893,66363,89355,137064,146010,131270,180556
"21","Calera",17657,19622,39429,42535,56770,68932,54358,85861,100148,88480,120625,127538
"22","Calera de Tango",17399,29706,32230,85792,54425,60208,90080,108750,110882,136203,164914,161384
"23","Calle Larga",NA,26085,35672,38358,52292,41065,53593,75372,120239,135801,135666,162167
"24","Camarones",NA,NA,NA,NA,43172,49471,67050,128728,146273,171758,127350,123285
"25","Camiña",NA,NA,NA,NA,36287,21334,40556,66195,98745,155615,86895,90726
"26","Canela",NA,NA,25017,NA,33850,43143,42000,56959,82464,78449,82843,114167
"27","Cañete",NA,22832,28386,31822,33468,40226,40584,60600,79102,70842,78528,97008
"28","Carahue",NA,NA,NA,26903,26552,37324,37995,49633,66660,83014,82121,95844
"29","Cartagena",19008,31003,37844,50000,67150,58355,62577,83177,101672,101944,113974,146864
"30","Casablanca",11330,43297,37825,45968,62962,65601,65217,91783,106049,103059,143750,139132
"31","Castro",24833,42891,63421,NA,NA,72225,82694,101300,110764,143796,128812,149436
"32","Catemu",NA,24352,29220,NA,46546,56857,58227,70239,100366,117511,122625,109143
"33","Cauquenes",12749,23050,25073,36206,43925,45167,56141,57064,82992,104169,110808,128667
"34","Cerrillos",NA,38938,66824,57587,85355,92906,103925,114300,149175,128804,174412,152500
"35","Cerro Navia",14850,31529,42001,51300,54467,57218,69581,88896,103830,137734,128774,149968
"36","Chañaral",24821,22681,31594,39050,40645,58792,60856,102787,113116,143841,135520,165252
"37","Chanco",NA,NA,20186,NA,NA,41144,48249,60964,77641,95251,131032,135400
"38","Chépica",NA,NA,NA,35285,37564,44724,46569,67270,90858,103615,108742,127527
"39","Chiguayante",NA,NA,NA,NA,61082,76134,68256,91790,117130,185841,144304,151586
"40","Chile Chico",NA,NA,26348,NA,NA,NA,NA,154952,224175,166333,163439,196809
"41","Chillán",16485,34618,34063,47516,71775,75549,61971,82443,115345,118842,119567,150497
"42","Chillán Viejo",NA,NA,NA,NA,48671,47100,57824,85627,75000,122817,117143,152271
"43","Chimbarongo",18414,25782,26112,33404,43126,43745,52900,62715,85366,103949,125000,137161
"44","Cholchol",NA,NA,NA,NA,NA,NA,NA,60734,68058,72427,95355,86348
"45","Chonchi",16485,24260,36705,NA,NA,50014,60926,93105,98258,106645,106282,123957
"46","Cisnes",NA,NA,NA,61064,80131,96700,90000,112066,128027,130995,134966,164500
"47","Cobquecura",NA,21709,17350,NA,NA,32107,54700,53616,72457,106344,88750,118333
"48","Cochrane",NA,NA,NA,50228,73659,52294,82660,152410,111126,162458,136934,215026
"49","Codegua",NA,NA,27408,NA,NA,50449,NA,82613,111766,112164,130434,153365
"50","Coelemu",NA,17374,23973,NA,NA,40144,49466,62691,79868,68030,121647,123178
"51","Coihueco",12257,18971,19278,24140,28162,33942,39763,52873,70207,68654,89752,117447
"52","Coinco",NA,NA,NA,NA,NA,NA,NA,93154,109829,116462,105845,126291
"53","Colbún",NA,NA,23305,37716,45930,46676,40143,59426,95853,118152,92223,136007
"54","Colina",14669,26288,32692,47639,57484,56000,61900,104535,123273,140191,161377,147997
"55","Collipulli",11784,21718,23140,28958,33064,40452,44909,53245,78896,94617,101964,110389
"56","Coltauco",NA,NA,NA,36327,53547,45414,63804,88573,92246,136736,123750,151092
"57","Combarbalá",12026,22035,21160,34050,36131,50738,52247,68175,95022,83893,134294,107647
"58","Concepción",21581,33772,52955,61175,102824,85912,79397,97770,125864,117474,158012,174649
"59","Conchalí",24485,32617,53550,60860,68637,75765,81593,109695,124147,162969,132744,167943
"60","Concón",NA,NA,NA,NA,106775,78297,81821,132653,195000,94075,203660,238980
"61","Constitución",27652,43232,39196,36217,32361,46000,66453,69252,100332,134015,132611,142100
"62","Contulmo",NA,23022,19261,25914,24843,43966,45619,47174,79608,74312,101819,98807
"63","Copiapó",27277,41868,41074,58704,56747,61782,68706,114770,134900,164405,184450,193823
"64","Coquimbo",18667,27042,39645,44747,62035,64078,74359,84891,114717,124326,150000,155691
"65","Coronel",14868,20882,29300,36422,45568,52147,55988,74288,87464,92000,121366,146542
"66","Corral",NA,NA,NA,NA,NA,NA,43219,69847,90372,105292,124738,111796
"67","Coyhaique",19980,30102,39020,54592,82276,91323,102901,119167,128415,171558,170215,215884
"68","Cunco",NA,NA,NA,NA,NA,40007,42417,68548,72271,70965,91334,100774
"69","Curacautín",11203,17374,30260,32220,32934,34210,54840,53329,76614,139161,105354,120374
"70","Curacaví",16510,27503,31060,60161,47361,56655,58641,91074,97871,112060,140428,146342
"71","Curaco de Vélez",NA,NA,NA,51300,52314,75043,62782,88736,110638,100945,70556,160375
"72","Curanilahue",15712,23610,21932,33285,36532,40270,52494,60688,86650,95012,135125,142017
"73","Curarrehue",NA,NA,NA,33392,37492,34437,34165,63409,74459,87450,125311,142668
"74","Curepto",NA,NA,22275,17759,26952,35035,55687,64346,85383,83106,87766,172669
"75","Curicó",28011,45286,33044,41680,58333,70278,67826,98853,116197,123240,117939,148505
"76","Dalcahue",NA,NA,NA,NA,NA,69635,62500,95380,130217,124614,117055,130026
"77","Diego de Almagro",41227,52203,52979,69769,75033,100000,122504,132802,171600,191083,200000,249220
"78","Doñihue",20362,29222,26904,33931,47690,59132,90640,99534,107874,122001,139971,171090
"79","El Bosque",NA,31826,45140,61087,54890,71288,73152,87280,132677,117700,140000,150714
"80","El Carmen",NA,18575,25532,17470,36982,42400,44167,41417,79037,96080,88182,101373
"81","El Monte",14142,28613,34117,NA,39857,56089,61701,81017,97869,125520,151286,166592
"82","El Quisco",NA,21259,37422,NA,50856,69273,73026,107008,129362,145224,148036,167377
"83","El Tabo",NA,15024,41154,60218,65167,69404,65720,96732,133510,78430,133333,152484
"84","Empedrado",NA,NA,17850,NA,NA,33956,50874,52393,67978,93924,156225,106436
"85","Ercilla",NA,NA,NA,NA,NA,30155,43587,40097,66132,55040,81560,90933
"86","Estación Central",18720,42068,48438,80833,75129,85922,100903,129428,151340,145646,146666,196142
"87","Florida",NA,24048,23886,NA,NA,42310,42068,60744,98726,94518,93238,113048
"88","Freire",NA,NA,NA,27233,34422,33926,36448,59495,67321,68600,92417,123334
"89","Freirina",13571,19685,16871,34931,39507,46650,55811,97313,87073,141846,134964,148000
"90","Fresia",17949,20042,34921,NA,NA,49132,48333,80945,124780,121241,83570,108629
"91","Frutillar",NA,NA,NA,52670,59892,71827,54867,89268,94921,112479,117156,135879
"92","Futrono",NA,NA,NA,27792,30120,41694,39802,65740,78603,116743,98997,124736
"93","Galvarino",NA,NA,NA,NA,NA,26363,39358,39478,74202,81478,101039,101502
"94","Gorbea",NA,NA,25598,37172,29122,50000,40521,56948,79748,83410,107864,132632
"95","Graneros",NA,NA,NA,58300,50531,60694,64438,75745,122883,128885,147208,170907
"96","Hijuelas",NA,25278,27975,34675,52032,44207,63000,85183,102983,113409,113807,142500
"97","Hualañé",22481,30303,26478,NA,NA,40656,39225,58715,69009,103264,110381,125882
"98","Hualpén",NA,NA,NA,NA,NA,NA,NA,90658,121723,132763,134626,143067
"99","Hualqui",20940,19156,24586,NA,NA,43731,54338,66984,82875,74499,103969,111846
"100","Huara",NA,NA,NA,NA,58832,48671,48706,75805,87128,133789,133038,134167
"101","Huasco",18631,26825,40541,NA,51386,62240,78773,106620,112667,131953,146846,175000
"102","Huechuraba",NA,28960,36720,NA,60208,76984,83050,93860,120000,166045,135009,165875
"103","Illapel",13165,19610,23668,30244,44190,48134,52693,79580,107731,140246,109162,142887
"104","Independencia",NA,41719,68755,87771,97772,101651,121075,133363,155209,233979,112017,221105
"105","Iquique",34607,46352,52051,78000,84717,87303,106448,128991,142008,170520,193143,225000
"106","Isla de Maipo",17466,24793,32130,40306,55519,51633,64870,83917,103133,121190,203338,169376
"107","La Cisterna",20167,52049,58800,116122,120616,112008,131960,139934,152858,155048,240000,205227
"108","La Cruz",NA,36246,31370,NA,60240,NA,77253,86166,111071,135613,130571,160576
"109","La Estrella",NA,NA,NA,36263,42401,46521,49700,66551,91080,149724,139084,132917
"110","La Florida",21965,40715,52308,72315,104067,101152,102800,165287,167530,213827,182085,209667
"111","La Granja",17822,32748,43047,58261,65762,56910,71960,90080,101098,125114,111236,175000
"112","La Higuera",NA,NA,24964,NA,43367,43025,46107,68712,109004,121420,102141,142808
"113","La Ligua",12717,25637,32715,40860,43511,55833,69672,78172,107532,93484,128626,137666
"114","La Pintana",16848,27454,40296,46627,46840,50000,59565,74100,84010,132614,110100,142208
"115","La Reina",68208,152771,223289,228526,344348,349394,282328,260477,427966,221682,416667,387500
"116","La Serena",18596,24466,43589,61286,74081,81538,80000,85850,114990,154788,153833,170833
"117","La Unión",20737,56700,32921,34988,31223,38813,58528,61603,90109,104925,121192,125255
"118","Lago Ranco",NA,NA,NA,NA,NA,41901,37085,51189,72606,105410,84640,116860
"119","Laja",NA,21460,44020,39455,40960,38083,53909,69579,104297,112683,118431,109682
"120","Lampa",15704,24143,26775,NA,51056,58789,62674,71136,110056,111688,145000,173333
"121","Lanco",NA,NA,NA,NA,NA,38687,47058,68955,87225,102786,96340,115787
"122","Las Cabras",NA,NA,NA,NA,NA,NA,NA,69782,101491,109317,116575,145066
"123","Las Condes",116214,156661,189608,347345,370175,447580,388417,475321,594635,674306,606667,778121
"124","Lautaro",NA,NA,NA,35562,42766,45540,47292,61774,74734,91844,93906,116382
"125","Lebu",11461,17364,22465,34050,34348,40186,41933,50236,66354,84912,88640,126099
"126","Licantén",NA,NA,28072,NA,NA,52100,66430,72419,108854,87555,111126,147286
"127","Limache",NA,43992,63499,46680,59658,70396,70884,74067,136818,92611,120023,161667
"128","Linares",16462,23954,31345,39623,48694,52415,61983,71674,78822,100816,128018,148834
"129","Litueche",NA,NA,NA,NA,NA,49124,NA,64960,96836,125270,123195,133027
"130","Llaillay",NA,22781,33806,39793,54957,60542,55787,86644,98569,134284,113626,162130
"131","Llanquihue",16867,17258,28310,NA,NA,NA,64279,82380,111708,119349,119920,157234
"132","Lo Barnechea",NA,61988,48195,161854,236121,436890,289905,152480,282001,147584,254426,352341
"133","Lo Espejo",NA,27988,44340,54333,52325,68397,72286,87758,120309,125023,163325,137049
"134","Lo Prado",19445,34043,55079,55656,82754,75108,81202,96226,135356,132420,161575,178017
"135","Lolol",NA,NA,NA,24797,45022,42723,45769,56679,83944,94742,101879,146824
"136","Loncoche",NA,NA,NA,34549,35190,40444,43537,55120,69878,123558,138042,129666
"137","Longaví",14410,21615,19728,28846,37533,44492,50430,65544,96152,109436,112678,139630
"138","Lonquimay",NA,NA,NA,23368,25441,32537,46733,60493,64731,61538,59678,130002
"139","Los Álamos",12447,15650,27041,NA,NA,36978,50822,50670,79238,69124,109686,108745
"140","Los Andes",17160,39326,48195,60081,80647,76132,81341,106050,224518,212665,122097,195000
"141","Los Ángeles",18216,23576,31808,55617,56476,63256,61310,79088,106033,112620,105563,140791
"142","Los Lagos",NA,NA,NA,27554,38769,50492,42001,74837,83785,93812,130299,130941
"143","Los Muermos",NA,NA,NA,32728,46958,48416,55108,95344,106200,105732,108562,141642
"144","Los Sauces",NA,NA,NA,22985,21513,32647,43886,53269,75000,136986,86901,112507
"145","Los Vilos",14066,20119,23768,NA,46920,50595,56127,71948,109255,103801,100567,158002
"146","Lota",14889,20009,22545,31101,43711,42147,50904,58876,83557,100954,123235,129954
"147","Lumaco",NA,NA,NA,NA,NA,34243,38418,56978,55502,76748,83433,99921
"148","Machalí",19330,24581,83785,49755,75616,59688,88114,73536,112178,267391,203311,228889
"149","Macul",34413,45407,72893,98295,94312,100000,148225,117568,139129,150081,222042,260000
"150","Máfil",NA,NA,NA,NA,NA,NA,48790,70489,96022,90802,100005,112544
"151","Maipú",30933,47789,80834,88667,94761,86616,102448,141571,195383,168724,187749,218268
"152","Malloa",NA,NA,NA,NA,NA,49641,NA,75750,117317,124325,96521,130000
"153","Marchihue",NA,NA,NA,NA,NA,50215,NA,70238,100268,131355,132021,126092
"154","María Elena",NA,NA,39074,67032,69402,83734,110510,136222,135726,164056,162857,240000
"155","María Pinto",14496,20911,26775,37926,44192,50000,49744,62526,116924,94348,129443,204040
"156","Mariquina",15247,29628,23695,NA,NA,NA,43768,59036,96395,100897,88194,129674
"157","Maule",NA,NA,24973,NA,NA,45548,56303,66496,77320,123654,126191,137674
"158","Maullín",23666,20087,34673,26806,51307,42300,67094,79781,107500,100413,119778,144936
"159","Mejillones",22031,32617,51034,50835,60240,66646,76755,116150,157519,211853,199278,227000
"160","Melipeuco",NA,NA,NA,NA,NA,31075,37811,49678,75000,91671,86209,119355
"161","Melipilla",17798,30795,38046,50619,53315,62462,72755,84901,124518,121872,123825,151938
"162","Molina",12263,22995,26649,35750,42959,54780,57922,75530,95089,120426,122917,143167
"163","Monte Patria",NA,NA,29881,27399,41982,44987,55000,56925,94984,90823,110459,123727
"164","Mostazal",16231,30054,NA,40095,43829,55432,64004,82648,127641,165544,122500,144950
"165","Mulchén",12080,16334,19399,32500,27369,47353,48542,57200,94248,105200,129432,123000
"166","Nacimiento",NA,21188,30906,37143,36701,56591,58549,72172,87584,96376,92086,121460
"167","Nancagua",NA,NA,NA,35698,46909,53262,56000,76226,82945,138872,111104,152119
"168","Natales",13750,26269,39825,53904,68013,68475,67907,104070,132753,134536,132118,178010
"169","Navidad",NA,NA,NA,NA,NA,40458,NA,59566,100608,123343,116966,110417
"170","Negrete",NA,20694,23513,29000,37133,38849,40004,56099,76037,85853,93889,137739
"171","Ninhue",NA,17283,20960,NA,NA,39076,38929,43904,76500,94716,92162,106855
"172","Ñiquén",NA,20412,20461,NA,NA,38832,36152,53014,79401,96724,98912,111341
"173","Nogales",19930,28268,43558,40893,59210,54780,63051,84441,110333,96621,140114,152307
"174","Nueva Imperial",NA,NA,NA,37984,30514,43689,43785,60910,78737,226365,75618,115132
"175","Ñuñoa",75507,83525,118450,203577,241084,270337,211633,241375,348035,474433,617126,455669
"176","Olivar",NA,NA,NA,40000,58475,76172,70439,88801,96232,122588,117065,150368
"177","Olmué",NA,22622,29420,NA,50200,53333,55858,74891,121550,101028,116493,139535
"178","Osorno",14874,28018,37825,36152,52495,48813,62963,84528,113742,110967,126915,142121
"179","Ovalle",15571,27928,37011,37031,42520,56888,67694,65180,82402,111312,132528,131237
"180","Padre Hurtado",NA,NA,30260,NA,55509,70964,54480,82432,107382,126890,85528,147881
"181","Padre Las Casas",NA,NA,NA,32231,30328,42260,54760,66443,71260,79197,107696,115404
"182","Paiguano",NA,NA,33003,NA,48865,45655,58172,74530,104561,113027,121422,127622
"183","Paillaco",14675,24086,22382,NA,NA,NA,45438,62313,87064,96302,99862,115839
"184","Paine",14634,25129,27220,37870,54019,55405,67175,87533,112508,114831,128762,150679
"185","Palmilla",NA,NA,NA,NA,NA,NA,NA,61672,93233,98137,104836,163363
"186","Panguipulli",NA,NA,NA,NA,NA,46168,40519,53645,72722,104271,93000,116852
"187","Panquehue",NA,19747,32463,NA,44058,48267,62168,73606,95619,148123,140933,151164
"188","Papudo",NA,90480,32288,NA,49872,NA,64012,80840,107440,154803,139400,152523
"189","Paredones",10864,18973,27117,NA,NA,55440,NA,51885,80455,109579,116000,151064
"190","Parral",16418,24462,27775,33987,37169,47172,53549,71623,83369,99470,98755,133246
"191","Pedro Aguirre Cerda",NA,31808,44515,72002,63958,81304,85124,115941,116370,143108,132288,167119
"192","Pelarco",12990,18300,22769,30833,42174,44415,53500,61812,84209,109025,119910,140778
"193","Pelluhue",15969,13565,17127,NA,22017,40662,52862,58191,88219,86263,132909,135907
"194","Pemuco",NA,15170,18404,NA,NA,39035,44231,51557,71522,117472,96928,135153
"195","Peñaflor",20422,33225,35477,48730,60398,58536,90492,99263,135039,149008,168036,195333
"196","Peñalolén",17499,30481,47034,64763,74296,87905,79214,108036,155198,137305,147697,191882
"197","Pencahue",NA,NA,23265,NA,NA,46658,47722,75750,90164,103738,110000,148668
"198","Penco",14502,21838,28981,43342,39271,48041,63654,75750,93754,69821,122800,121159
"199","Peralillo",NA,NA,NA,48332,51978,58110,76402,71415,87970,105720,115147,133611
"200","Perquenco",NA,NA,NA,NA,NA,35419,43724,50511,68091,102310,75986,122708
"201","Petorca",NA,23379,30952,NA,38316,46717,53470,68209,101498,104126,101948,120000
"202","Peumo",NA,NA,30415,NA,NA,NA,NA,84648,88950,116770,144334,141732
"203","Pica",25719,33921,23205,69718,58650,91610,72502,83719,113231,132411,103750,175000
"204","Pichidegua",NA,NA,NA,40860,52635,59901,85000,61435,96825,133359,99427,162019
"205","Pichilemu",NA,NA,NA,30102,43440,46655,68941,77572,100892,118186,118578,142194
"206","Pinto",NA,15685,24055,NA,NA,45650,37646,59819,89866,85828,101116,107256
"207","Pirque",18805,24409,38885,NA,72413,76478,102106,91710,118639,151129,186209,357500
"208","Pitrufquén",16606,30531,NA,39754,38629,41522,47015,61821,92904,87066,115000,124865
"209","Placilla",NA,NA,NA,NA,NA,43788,NA,61989,87600,98411,109896,128308
"210","Portezuelo",NA,14677,18044,NA,NA,38245,36096,45816,74200,150193,95295,112336
"211","Porvenir",25231,29134,35927,71007,73573,101973,130606,131488,195795,157628,211800,227678
"212","Pozo Almonte",20334,33184,22630,43750,56224,69673,65784,102262,98418,137963,163833,162933
"213","Providencia",141539,222802,283815,247183,378667,401524,436006,336680,577091,948804,575000,860000
"214","Puchuncaví",NA,15580,29476,NA,45620,48556,76633,86641,136933,110845,129598,132708
"215","Pucón",13122,20959,30150,23572,37556,49462,54771,66164,102750,133398,142768,149890
"216","Pudahuel",19758,32373,38604,51111,67904,70000,81695,108944,121451,132453,116667,173667
"217","Puente Alto",21965,47128,63894,67387,73312,71133,99598,105322,121232,133110,144053,184478
"218","Puerto Montt",19939,30265,36742,50000,67695,63346,75071,117665,112247,128011,132542,156174
"219","Puerto Octay",15686,30444,34614,NA,NA,46050,57905,86831,101171,117282,110324,124644
"220","Puerto Varas",20922,83525,33558,37107,56783,65059,81190,86856,104510,134927,208281,162917
"221","Pumanque",NA,NA,NA,NA,NA,NA,NA,53005,87500,131280,109552,131728
"222","Punitaqui",NA,NA,24065,NA,37993,33144,45941,51696,85853,93346,103737,116750
"223","Punta Arenas",28965,42920,68116,77805,84486,122058,109798,134216,165162,198987,183667,240000
"224","Puqueldón",NA,NA,NA,NA,NA,NA,55363,76066,103119,76766,108958,100077
"225","Purén",NA,NA,NA,34721,37377,37614,35108,52408,71286,140000,95053,94355
"226","Purranque",10630,19759,27849,45972,27919,45820,47440,79541,88400,100089,134053,125275
"227","Putaendo",NA,33971,35606,NA,44972,43370,59992,64250,130347,129466,129780,140000
"228","Putre",NA,NA,NA,33494,77739,43051,56710,85356,78693,107120,105646,121325
"229","Puyehue",NA,NA,NA,NA,NA,NA,48735,73856,116861,107512,101454,145917
"230","Queilén",NA,NA,NA,NA,NA,NA,55852,74976,105859,87864,89826,129242
"231","Quellón",NA,NA,NA,NA,NA,NA,74568,86756,102160,115300,145964,156958
"232","Quemchi",NA,NA,NA,NA,NA,54585,67788,98748,117192,113629,105337,131027
"233","Quilaco",NA,20111,22124,24352,26940,34797,32631,55900,75283,95819,114313,112425
"234","Quilicura",18547,31120,43920,NA,60903,73276,75875,106032,136283,147912,176667,208667
"235","Quilleco",NA,18265,24438,NA,NA,41324,36497,54015,84751,93375,98059,119382
"236","Quillón",13817,14231,16803,NA,NA,45754,45541,60342,80000,139105,99297,158018
"237","Quillota",16500,31356,39636,66613,62645,75532,78535,89722,101858,131325,150752,171668
"238","Quilpué",24800,30456,37228,79440,95507,92347,85339,124125,137891,149829,166320,183896
"239","Quinchao",NA,NA,NA,NA,NA,65418,58841,107337,123708,102515,129066,85251
"240","Quinta de Tilcoco",NA,NA,NA,36762,40449,38829,41858,80067,97134,112042,140833,140906
"241","Quinta Normal",25429,38780,46825,66410,80546,79235,90454,93940,153615,151024,168783,220667
"242","Quintero",NA,16870,30302,56667,61175,68910,75833,90612,124215,119425,142108,155200
"243","Quirihue",NA,22880,26323,25506,48847,46619,50005,56375,94842,127833,114367,128837
"244","Rancagua",27485,47480,52030,57848,60972,96778,91187,125639,150000,150901,147500,190000
"245","Ránquil",NA,18883,19660,NA,NA,40507,44558,68366,83500,120086,99212,102153
"246","Rauco",NA,NA,23199,NA,NA,59648,57871,64559,90622,101465,117500,141411
"247","Recoleta",NA,37651,44896,65000,79645,80576,76186,95271,127500,122934,130002,162162
"248","Renaico",18798,27551,24633,NA,NA,36049,44308,55582,83985,115623,94723,103300
"249","Renca",19274,31331,36378,56839,61101,59699,75414,107245,109367,101195,163085,152983
"250","Rengo",20180,28826,35248,38450,47630,55818,63531,80040,115992,165756,129271,144000
"251","Requínoa",NA,NA,NA,36613,51228,49853,65876,73970,102788,144513,177300,161145
"252","Retiro",NA,NA,21170,NA,NA,36520,48000,45120,69592,102045,111696,115002
"253","Rinconada",NA,28618,37614,37139,45648,54306,58000,78056,125171,158537,127330,150218
"254","Río Bueno",NA,NA,NA,38817,36574,38035,41359,61873,76720,101559,110000,148081
"255","Río Claro",NA,NA,26174,NA,NA,40594,53211,70869,89685,106021,141009,158945
"256","Río Hurtado",NA,NA,26377,NA,33222,34868,37500,59500,84500,93028,66391,89764
"257","Río Ibáñez",NA,NA,NA,62958,45180,51746,64271,84574,97850,119868,139691,152083
"258","Río Negro",NA,NA,NA,32253,24993,39915,49805,71339,101337,134152,103771,127160
"259","Romeral",NA,NA,32218,40625,39865,64154,58333,89407,86928,90945,123724,126672
"260","Saavedra",14926,20958,21582,27240,NA,20776,37628,41172,58889,62222,77042,111022
"261","Sagrada Familia",NA,NA,20173,37540,36656,54161,58110,68758,94560,110744,112750,137746
"262","Salamanca",NA,NA,23337,31116,47423,42670,40538,81211,91214,88395,123814,180500
"263","San Antonio",14850,32818,37110,54344,61200,68675,67488,70286,102138,116188,134954,161480
"264","San Bernardo",28301,33043,73813,51667,59899,65092,67768,92903,121742,115708,127598,167400
"265","San Carlos",NA,20132,27280,33928,49045,43503,44328,67422,98426,101209,100293,115318
"266","San Clemente",11605,23570,27298,36774,33993,36833,45239,64024,82875,102002,115503,138333
"267","San Esteban",NA,25607,35700,37111,51799,57080,66360,87122,122870,114019,134328,150000
"268","San Fabián",NA,17945,20384,NA,NA,43391,43323,48214,86984,95966,96570,110218
"269","San Felipe",21093,30810,37825,47410,61244,63114,73814,93635,114939,119633,134449,148359
"270","San Fernando",15466,29585,46089,50000,54150,70250,74100,99020,122996,147082,131404,165000
"271","San Ignacio",NA,19804,19367,NA,NA,40458,39704,42478,75000,84214,96980,103118
"272","San Javier",NA,NA,29799,26875,35083,56563,54357,72816,90667,94468,104039,126955
"273","San Joaquín",21402,43993,48463,NA,80344,79645,87516,103153,134050,110615,140000,192346
"274","San José de Maipo",19437,30906,35700,NA,64531,67341,79923,93027,143874,165177,158841,228217
"275","San Juan de la Costa",NA,NA,NA,23032,45617,35680,33737,66963,92683,79573,83442,113298
"276","San Miguel",30595,44563,53950,122678,107328,100100,152169,197600,224205,165480,251000,310000
"277","San Nicolás",9674,18878,21742,NA,NA,44431,41934,47613,78689,79855,113474,155250
"278","San Pablo",NA,NA,NA,NA,NA,45347,42662,70226,103693,100096,90392,123633
"279","San Pedro",12870,20206,28985,NA,48697,55586,58477,74192,104825,121239,104654,119876
"280","San Pedro de Atacama",NA,26825,26936,36277,67984,60466,78333,108147,141830,178675,150000,205788
"281","San Pedro de la Paz",NA,NA,NA,NA,51136,88054,68983,102017,142968,141390,120316,166134
"282","San Rafael",NA,NA,NA,NA,NA,41056,41097,71158,69965,117098,109200,130710
"283","San Ramón",18836,31740,43639,58501,57309,61522,70538,84819,101892,141741,137352,160000
"284","San Rosendo",NA,18233,23859,NA,NA,44875,52076,66714,89062,74058,108927,107522
"285","San Vicente",12070,22999,31031,48907,54400,60000,67501,76144,110782,130568,122106,154362
"286","Santa Bárbara",NA,19888,27646,NA,NA,46416,37412,60282,73496,103195,102104,111567
"287","Santa Cruz",11275,17629,17065,46134,45180,59264,65653,73710,94229,121860,134188,145557
"288","Santa Juana",NA,21348,24383,37600,35255,40458,42566,70420,92792,87520,99369,116133
"289","Santa María",NA,27520,35276,38333,49839,49608,60450,77223,107916,93771,118541,161581
"290","Santiago",28187,49793,99946,131498,145136,129887,175015,198775,241645,263931,344333,342676
"291","Santo Domingo",NA,64074,36799,NA,70250,NA,69010,106704,113000,185980,126250,187214
"292","Sierra Gorda",24778,29647,32130,70407,91974,80138,76806,110210,144018,179115,114365,226944
"293","Talagante",17179,25918,40524,56896,53926,72744,79040,106175,106333,230516,160480,141764
"294","Talca",18120,27612,40509,47920,66316,79755,72028,95710,105310,129974,145446,169445
"295","Talcahuano",25255,25589,43661,49946,61300,70890,77560,100580,131042,127045,147334,155003
"296","Taltal",NA,25000,31111,53827,61066,52768,63167,122175,128593,238586,152270,180875
"297","Temuco",19619,27686,42840,52778,91156,83333,64844,101285,96421,118969,130976,157619
"298","Teno",17389,25543,26786,33167,50573,50828,46750,70572,95618,113838,126597,161616
"299","Teodoro Schmidt",11000,22122,NA,41365,38308,33610,44395,57159,79813,92169,83172,93998
"300","Tierra Amarilla",14946,28242,36309,41875,52553,57350,61542,98207,107807,177592,158125,175168
"301","Tiltil",22430,28494,33393,NA,61704,59130,65471,88533,120069,93719,150000,193802
"302","Tirúa",NA,20734,15500,NA,NA,37478,33921,42876,90250,59190,95792,113626
"303","Tocopilla",18551,28338,32630,52854,60302,44696,83391,100543,131659,185597,166667,174941
"304","Toltén",10717,20478,28800,NA,NA,43368,37463,55622,69553,104694,81878,99355
"305","Tomé",15221,22275,32537,39640,39657,47089,51581,66038,96082,104535,112743,139921
"306","Traiguén",13959,21379,33415,32530,32583,41847,54256,59706,73578,81168,109958,124498
"307","Treguaco",NA,17054,21828,34167,20588,29727,37710,55186,74449,99032,85187,119014
"308","Tucapel",NA,16282,19700,NA,NA,43653,52470,71602,85500,84030,102875,115556
"309","Valdivia",20000,29355,37822,44238,51712,62750,75048,93024,100347,132707,136208,185500
"310","Vallenar",19197,30608,39210,41753,57035,52114,77929,120546,117471,112635,137389,145953
"311","Valparaíso",18067,34495,46588,55706,61767,75000,73008,88329,110284,135071,137500,163531
"312","Vichuquén",NA,NA,29958,NA,NA,48041,48714,73190,102294,88791,110161,108466
"313","Victoria",16116,19570,26323,34079,35083,42361,54153,63125,81294,86932,117796,128460
"314","Vicuña",NA,NA,30498,33010,46776,46610,72779,65867,98010,124506,121653,140000
"315","Vilcún",NA,NA,NA,30793,30777,40590,42428,72304,75889,79929,106666,101763
"316","Villa Alegre",13875,20631,21848,30000,70619,44002,51694,62500,85000,118919,107903,138790
"317","Villa Alemana",27715,57611,56763,70546,75432,76469,77340,99996,114713,142531,150345,196203
"318","Villarrica",22602,36057,33166,41493,63503,41807,60980,75937,106089,96902,131786,133611
"319","Viña del Mar",28694,39709,64654,65986,96369,102364,96060,89210,128133,151585,175000,211227
"320","Vitacura",NA,191149,380275,NA,555987,491805,579837,627210,706723,1026868,750000,908333
"321","Yerbas Buenas",NA,NA,20940,NA,NA,40000,42896,59626,84030,110483,120390,146123
"322","Yumbel",NA,19458,24233,NA,NA,40786,49007,68887,86838,78449,111812,158754
"323","Yungay",NA,22023,28514,36805,50004,54461,51976,59909,84020,109868,127739,153917
"324","Zapallar",NA,26330,35664,NA,61309,NA,67711,100863,122844,125318,116042,134393
