"","region","provincia","comuna","1990","1992","1994","1996","1998","2000","2003","2006","2009","2011","2013","2015"
"1","Antofagasta","Antofagasta","Antofagasta",21140,28613.3333333333,37485,66099,70280,75000,79281.6666666667,98800,112970,164100,166666.666666667,120000
"2","Antofagasta","Antofagasta","Mejillones",19800,30401.6666666667,43081.8571428571,46500,NA,NA,NA,79040,128916.666666667,133468,155000,124000
"3","Antofagasta","Antofagasta","Sierra Gorda",19932,27591.4285714286,30260,60000,65009,51250,69166.6666666667,88880,110500,149513.333333333,1e+05,1e+05
"4","Antofagasta","Antofagasta","Taltal",NA,21460,26775,40714.2857142857,47951.25,50000,60000,95950,110500,198925.666666667,156666.666666667,1e+05
"5","Antofagasta","El Loa","Calama",20133.3333333333,31434,45160.5,53333.3333333333,58592.375,62238.25,80000,84166.6666666667,127492.857142857,159452.833333333,148968.6,116666.666666667
"6","Antofagasta","El Loa","San Pedro de Atacama",NA,19620.5714285714,21420,33333.3333333333,54502.8571428571,48855.7142857143,70000,93064.2857142857,104975,151908,93333.3333333333,125000
"7","Antofagasta","Tocopilla","María Elena",NA,NA,33468.75,53333.3333333333,60240,NA,86428.5714285714,88375,114920,148784,148000,141250
"8","Antofagasta","Tocopilla","Tocopilla",15504,24740.4285714286,24418.8,40860,50702,51428.5714285714,70000,76760,103133.333333333,150626.666666667,137500,1e+05
"9","Araucanía","Cautín","Carahue",NA,NA,NA,17674.0555555555,16757.1428571429,28185.2857142857,21692.3076923077,30089.75,55244.5,71766.4,50000,50000
"10","Araucanía","Cautín","Cholchol",NA,NA,NA,NA,NA,NA,NA,30300,40504.2857142857,58346.6666666667,75000,56571.4285714286
"11","Araucanía","Cautín","Cunco",NA,NA,NA,NA,NA,26250,30000,47470,53408.3333333333,65640,75000,61000
"12","Araucanía","Cautín","Curarrehue",NA,NA,NA,30645,29325,32897.7777777778,26666.6666666667,47874,49725,79643.2,68888.8888888889,62340.3333333334
"13","Araucanía","Cautín","Freire",NA,NA,NA,23333.3333333333,22439.4,25000,24850,34087.5,47883.3333333333,65640,70000,70000
"14","Araucanía","Cautín","Galvarino",NA,NA,NA,NA,NA,21333.3333333333,21126.2,25250,45872.6666666667,58271.6666666667,57500,50000
"15","Araucanía","Cautín","Gorbea",NA,NA,16643,33010.6666666666,23928.6666666667,40000,35000,40400,66300,54700,74561.6666666667,80166.6666666667
"16","Araucanía","Cautín","Lautaro",NA,NA,NA,20694.2857142857,27916.6666666667,33333.3333333333,34250,49400,61197.5,65640,78333.3333333333,67083.3333333333
"17","Araucanía","Cautín","Loncoche",NA,NA,NA,25161.25,29325,26666.6666666667,36666.6666666667,45450,60775,98460,90000,65708.3333333333
"18","Araucanía","Cautín","Melipeuco",NA,NA,NA,NA,NA,21250,25000,37875,54773.3333333333,83177.25,73333.3333333333,71250
"19","Araucanía","Cautín","Nueva Imperial",NA,NA,NA,27328,NA,30000,NA,49377.7777777778,62248.3333333333,78995.3333333333,52500,62500
"20","Araucanía","Cautín","Padre Las Casas",NA,NA,NA,26000,27091.2,32583.3333333334,38643.5,47133.3333333333,57520.1111111112,61620,85000,60000
"21","Araucanía","Cautín","Perquenco",NA,NA,NA,NA,NA,22448.3333333333,28750,37033.3333333333,58685.7142857143,68466.6666666667,70000,68750
"22","Araucanía","Cautín","Pitrufquén",17395.2,20655.25,NA,23987,31280,NA,33666.6666666667,42813.3333333333,68878.3333333333,69286.6666666667,96750,75000
"23","Araucanía","Cautín","Pucón",9900,16095,22695,15125,24096,NA,36104,56032,69615,102106.666666667,90000,80000
"24","Araucanía","Cautín","Saavedra",7671.75,14306.6666666667,5140.8,14301,NA,15666.6666666667,13857.1428571429,21280,41990,49230,77500,62500
"25","Araucanía","Cautín","Temuco",14122.3333333333,21460,35190,40000,62750,59366.5,63360,79186.6666666667,79560,103930,101750,83333.3333333333
"26","Araucanía","Cautín","Teodoro Schmidt",8250,19314,NA,16396.8,19550,18260,NA,NA,54470.25,54773.3333333333,50000,53333.3333333333
"27","Araucanía","Cautín","Toltén",7593.14285714286,14677.5,10710,NA,NA,NA,20000,32825,51350,71890,51666.6666666667,56666.6666666667
"28","Araucanía","Cautín","Vilcún",NA,NA,NA,20430,26080,NA,30000,33666.6666666667,55250,65640,70000,60000
"29","Araucanía","Cautín","Villarrica",19800,25036.6666666667,32130,30000,34610,33333.3333333333,50000,51376,89006.6666666667,75917.25,96750,75000
"30","Araucanía","Malleco","Angol",16912,18241,25704,24000,27215,30000,50640,55381.6666666666,65728,91166.6666666667,112500,70000
"31","Araucanía","Malleco","Collipulli",8154,13795.7142857143,11067,24002.625,27610,28416.6666666667,32933.3333333333,35927.2727272727,68466.6666666667,77947.5,75000,75000
"32","Araucanía","Malleco","Curacautín",9060,13412.5,28421.75,20000,22509.75,NA,36666.6666666667,39520,55250,89975,66666.6666666667,72500
"33","Araucanía","Malleco","Ercilla",NA,NA,NA,NA,NA,20000,24286.5,30300,47883.3333333333,46978.3333333333,55714.2857142857,60000
"34","Araucanía","Malleco","Lonquimay",NA,NA,NA,20000,19550,25000,26250,39520,53408.3333333333,65275.3333333333,66000,75000
"35","Araucanía","Malleco","Los Sauces",NA,NA,NA,12258,20080,28000,25844,38957.1428571429,60036.5,71474.6666666667,74000,72000
"36","Araucanía","Malleco","Lumaco",NA,NA,NA,NA,NA,23912.5,28750,35350,44195.6,65640,70000,58260.6666666667
"37","Araucanía","Malleco","Purén",NA,NA,NA,29251.0714285714,39100,NA,24700,40400,55986.6666666667,68466.6666666667,54821.4285714286,50000
"38","Araucanía","Malleco","Renaico",12728.5714285714,20794.8,15850.8,NA,NA,28000,32000,36360,61620,64272.5,73333.3333333333,62666.6666666667
"39","Araucanía","Malleco","Traiguén",10066.6666666667,14306.6666666667,32130,22983.75,25362.8571428571,NA,34182,40400,58933.3333333333,46215,75000,61875
"40","Araucanía","Malleco","Victoria",10469.3333333333,13949,16493.4,19875,26066.6666666667,28571.4285714286,35000,45450,56769.375,69100,87500,70000
"41","Arica Y Parinacota","Arica","Arica",18422,25036.6666666667,33712.75,40860,50438.7083333334,46666.6666666667,53846.6666666667,69160,96687.5,110515,101428.571428571,81666.6666666667
"42","Arica Y Parinacota","Arica","Camarones",NA,NA,NA,NA,NA,NA,NA,59280,73944,154050,1e+05,43928.5714285714
"43","Arica Y Parinacota","Parinacota","Putre",NA,NA,NA,30645,62625.5833333334,41880,49400,49400,55250,96356.6666666665,78750,75000
"44","Atacama","Chañaral","Chañaral",19800,20657.2222222222,26775,33333.3333333333,35403.6363636364,NA,57351.1111111111,70655.6,102700,115477.777777778,112857.142857143,1e+05
"45","Atacama","Chañaral","Diego de Almagro",36240,45244.8333333333,49980,54285.7142857143,56224,67500,65866.6666666667,94940,110223.75,138664.5,150000,108125
"46","Atacama","Copiapó","Caldera",NA,26825,33831.2857142857,39073.75,56224,50000,53771.4285714286,72453.3333333333,102212.5,127451,1e+05,112416.666666666
"47","Atacama","Copiapó","Copiapó",19800,30848.75,33660,46666.6666666667,46895,NA,54500,84166.6666666667,104975,145866.666666667,160000,1e+05
"48","Atacama","Copiapó","Tierra Amarilla",13529.6,25245.25,30345,40000,45180,45750,50000,74336,91218.125,140032,137500,80000
"49","Atacama","Huasco","Alto del Carmen",NA,19570,21738.75,24453.3333333333,43423,35011.1111111111,50000,55147.25,95225,105024,89000,116666.666666667
"50","Atacama","Huasco","Freirina",9422.4,18066,17850,33198.75,33968.5714285714,31250,51000,59142,85085,122487.5,1e+05,1e+05
"51","Atacama","Huasco","Huasco",9664,24142.5,29345.4,NA,40160,38700,59280,78780,100664,116693.333333333,150000,85416.6666666667
"52","Atacama","Huasco","Vallenar",14668.5714285714,21460,30600,33333.3333333333,43292.6666666667,43333.3333333333,53333.3333333333,73008.5714285714,88400,102700,125000,83333.3333333333
"53","Aysén","Aysén","Aysén",19800,24142.5,32283,41736.2333333334,NA,NA,NA,NA,105140,138573.333333333,133333.333333333,1e+05
"54","Aysén","Aysén","Cisnes",NA,NA,NA,30400,50200,NA,70571.4285714286,101000,126824.25,109400,120000,133333.333333333
"55","Aysén","Capitán Prat","Cochrane",NA,NA,NA,40860,50451,49140,75000,134370,96297.5,169570,136666.666666667,120250
"56","Aysén","Coyhaique","Coyhaique",17314.6666666667,27208.2142857143,34272,42500,58232,NA,70000,98800,110440,135075,132857.142857143,120000
"57","Aysén","General Carrera","Chile Chico",NA,NA,22491,NA,NA,NA,NA,96960,154050,154050,139060.75,125000
"58","Aysén","General Carrera","Río Ibáñez",NA,NA,NA,28166.6666666667,32328.8,NA,65000,73113.3333333333,82160,103930,105000,1e+05
"59","Biobío","Arauco","Arauco",NA,21460,24276,30753.25,29325,33750,50000,47133.3333333333,82160,87520,1e+05,86666.6666666667
"60","Biobío","Arauco","Cañete",NA,15361.8333333333,18912.5,23048.8857142857,26940.6666666667,NA,26346.6666666667,42420,55250,58346.6666666667,64875,63666.6666666666
"61","Biobío","Arauco","Contulmo",NA,13193,13387.5,13271,19684.5,25000,32933.3333333333,34580,55250,63965,70000,60000
"62","Biobío","Arauco","Curanilahue",11743.5714285714,16095,14994,24897.75,31124,32434,40000,41325.8333333334,57460,73944,88750,75000
"63","Biobío","Arauco","Lebu",10066.6666666667,14306.6666666667,17136,25177.3333333333,23594,30000,39520,37875,48062.25,65640,59495.4,75000
"64","Biobío","Arauco","Tirúa",NA,14306.6666666667,7735,NA,NA,NA,28392.5,29290,57768.75,53025,73333.3333333333,60000
"65","Biobío","Biobío","Alto Biobío",NA,NA,NA,NA,NA,NA,NA,27270,55250,95182.1428571429,64444.4444444444,60000
"66","Biobío","Biobío","Antuco",NA,15098.6428571428,17595,NA,NA,30000,42000,51640,70443.75,62960,1e+05,90000
"67","Biobío","Biobío","Cabrero",NA,15656,20836,NA,NA,40000,38571.4285714286,53866.6666666667,66300,80226.6666666667,77142.8571428571,75000
"68","Biobío","Biobío","Laja",NA,18106.875,35700,30822.5,35857.1428571429,30000,50000,52693.3333333333,77350,79315,70000,82166.6666666667
"69","Biobío","Biobío","Mulchén",9900,13806,15300,23901.5,23343,NA,35000,39520,60775,87520,105000,75000
"70","Biobío","Biobío","Nacimiento",NA,18492.8928571428,26775,27333.3333333333,33466.6666666667,43824,49400,54287.5,71890,83579.5,71428.5714285714,86666.6666666667
"71","Biobío","Biobío","Negrete",NA,15022,17403.75,22000,26104,25000,28833.3333333333,41121.4285714286,66300,78768,70000,66000
"72","Biobío","Biobío","Quilaco",NA,16095,12608.3333333333,14949.2857142857,21335,22500,26666.6666666667,37929.1666666667,55250,76580,110000,80333.3333333333
"73","Biobío","Biobío","Quilleco",NA,14306.6666666667,14994,NA,NA,24166.6666666667,32933.3333333333,39642.5,55250,66369.3333333333,66666.6666666667,75000
"74","Biobío","Biobío","San Rosendo",NA,12446.8,18742.5,NA,NA,33750,42500,50500,69062.5,58346.6666666667,87500,70000
"75","Biobío","Biobío","Santa Bárbara",NA,12741.875,18564,NA,NA,NA,30000,35350,55250,65640,1e+05,66666.6666666667
"76","Biobío","Biobío","Tucapel",NA,11266.5,15130,NA,NA,31428.5714285714,34000,49400,60775,66369.3333333333,80000,75000
"77","Biobío","Biobío","Yumbel",NA,13412.5,16065,NA,NA,32083.3333333334,39386.6666666667,45450,58933.3333333333,65640,86250,83333.3333333333
"78","Biobío","Concepción","Chiguayante",NA,NA,NA,NA,41594.2857142857,50000,58000,74066.6666666667,92083.3333333333,145866.666666667,115714.285714286,75712.5
"79","Biobío","Concepción","Concepción",14496,29355,41947.5,48193.5416666666,61425,NA,60000,77636,85085,94084,127500,85500
"80","Biobío","Concepción","Coronel",12482.6666666667,17168,23990.4,26000,NA,NA,NA,66407.5,66300,91947.5,92000,90000
"81","Biobío","Concepción","Florida",NA,16960.6666666667,21420,NA,NA,25000,29000,43093.3333333333,62616.6666666667,76580,68571.4285714286,64083.3333333334
"82","Biobío","Concepción","Hualpén",NA,NA,NA,NA,NA,NA,NA,64640,95306.25,103793.25,110000,75000
"83","Biobío","Concepción","Hualqui",14496,14448.8333333333,19992,NA,NA,36000,43333.3333333333,43766.6666666667,68764.5833333333,71474.6666666667,66666.6666666667,66666.6666666667
"84","Biobío","Concepción","Lota",13288,15147.2,15757,23000,31375,30000,43333.3333333333,43766.6666666667,71051.5,77025,83333.3333333333,64666.6666666667
"85","Biobío","Concepción","Penco",12080,16095,24097.5,36881.6666666667,35720,37833.3333333333,51741.4285714286,54540,67374.9583333333,71565.8333333333,87500,80000
"86","Biobío","Concepción","San Pedro de La Paz",NA,NA,NA,NA,47943.1666666667,61666.6666666667,58333.3333333333,68175,101660,109400,91000,93333.3333333333
"87","Biobío","Concepción","Santa Juana",NA,13591.3333333333,19099.5,29333.3333333333,28112,32208.6111111111,36000,50500,69983.3333333333,72933.3333333333,68333.3333333333,57500
"88","Biobío","Concepción","Talcahuano",19586.8571428572,19570,32939.5,39498,44343.3333333333,50000,59880,69858.3333333333,84938.75,99690.75,124440,83000
"89","Biobío","Concepción","Tomé",12563.2,17123.75,24208,28602,33466.6666666667,NA,46666.6666666667,46106.6666666667,68141.6666666667,78768,88889.6666666667,87500
"90","Biobío","Ñuble","Bulnes",11240.5,15290.25,16065,NA,NA,27500,40000,50324,62616.6666666667,78038.6666666667,70000,80000
"91","Biobío","Ñuble","Chillán",12835,21460,25721,37500,50200,NA,46623.7,58677.5,82905.8181818182,91166.6666666667,93333.3333333333,80000
"92","Biobío","Ñuble","Chillán Viejo",NA,NA,NA,NA,32482.5,NA,49400,67333.3333333333,73666.6666666667,71890,83333.3333333333,75000
"93","Biobío","Ñuble","Cobquecura",NA,14677.5,11514.5714285714,NA,NA,30000,34106.6666666666,35350,51350,101127,72336,115000
"94","Biobío","Ñuble","Coelemu",NA,11445.3333333333,16065,NA,NA,30433.3333333333,37040,43009.1666666666,60775,82160,95333.3333333333,66666.6666666667
"95","Biobío","Ñuble","Coihueco",8110.85714285714,13412.5,14258.75,16583.3333333334,18072,22000,30420,34087.5,45898.125,54700,62500,60000
"96","Biobío","Ñuble","El Carmen",NA,9839.83333333333,13387.6666666667,10650.5,24173.6666666667,24498.8333333334,31000,20200,51350,73459.2916666667,66666.6666666667,56666.6666666667
"97","Biobío","Ñuble","Ninhue",NA,11742,12852,NA,NA,18714.2857142857,28750,33666.6666666667,58933.3333333333,66551.6666666667,70000,52500
"98","Biobío","Ñuble","Ñiquén",NA,14677.5,12608.3333333333,NA,NA,NA,21000,33666.6666666667,58933.3333333333,73024.5,80000,50000
"99","Biobío","Ñuble","Pemuco",NA,12071.25,12048.75,NA,NA,21250,27410,33618.5714285714,58933.3333333333,67645.6666666667,74020,75000
"100","Biobío","Ñuble","Pinto",NA,10069.75,17136,NA,NA,26085.7142857143,25224.6666666667,40400,63537.5,64737.6,70000,62500
"101","Biobío","Ñuble","Portezuelo",NA,11266.5,11138.4,NA,NA,21337.5,22935.25,39263.75,52357.5,82160,77500,85416.6666666667
"102","Biobío","Ñuble","Quillón",11137.5,11742,11662.6,NA,NA,NA,25800,42420,58012.5,104969.3,78250,75000
"103","Biobío","Ñuble","Quirihue",NA,16095,21420,21142.8571428571,36658.125,30000,39520,46712.5,62985,66369.3333333333,75000,68333.3333333333
"104","Biobío","Ñuble","Ránquil",NA,14677.5,12852,NA,NA,NA,32500,46831.2666666666,68786.25,86973,66666.6666666667,78333.3333333333
"105","Biobío","Ñuble","San Carlos",NA,13591.3333333333,18742.5,27240,33483.3333333334,33333.3333333333,30000,53530,68466.6666666667,65640,88000,60250
"106","Biobío","Ñuble","San Fabián",NA,14581.5,13816,NA,NA,NA,32250,40400,61620,66551.6666666667,66666.6666666667,64583.3333333334
"107","Biobío","Ñuble","San Ignacio",NA,10730,11473.4,NA,NA,21250,27500,25250,49725,64287.7777777778,52500,54899
"108","Biobío","Ñuble","San Nicolás",5119.66666666667,12876,12852,NA,NA,NA,31616,36528.3333333333,58933.3333333333,70317,78600,72713.5
"109","Biobío","Ñuble","Treguaco",NA,NA,NA,24516,NA,NA,NA,NA,NA,99554,70000,75000
"110","Biobío","Ñuble","Yungay",NA,18509.25,20081.25,28571.4285714286,35140,32500,49400,50500,63537.5,85879,96400,84412.1666666667
"111","BíoBío","Arauco","Los Alamos",9362.83333333333,13917.5714285714,23205,NA,NA,31666.6666666667,44066.6666666666,36360,55250,NA,NA,NA
"112","BíoBío","BíoBío","Los Ángeles",13288,16452.6666666667,24152.75,33333.3333333333,NA,NA,NA,NA,NA,NA,NA,NA
"113","Coquimbo","Choapa","Canela",NA,NA,17136,NA,26773.3333333333,30000,28771.5,40400,60775,78111.6,83333.3333333333,90000
"114","Coquimbo","Choapa","Illapel",10981.8181818182,17168,16065,24000,40160,35970.6666666667,42500,63125,87295,107835,90618,80000
"115","Coquimbo","Choapa","Los Vilos",12375,16580.3571428572,18003,NA,41543.75,37970,47500,51386,82178.5,68466.6666666667,1e+05,87346.6666666667
"116","Coquimbo","Choapa","Salamanca",NA,NA,16340.4,20000,35857.1428571429,34890,28750,53280,60775,79131.4285714286,107800,80000
"117","Coquimbo","Elqui","Andacollo",15531.4285714286,22127.2222222222,21614.2857142857,29000,33801.3333333333,33166.6666666667,44046.6666666667,60600,102700,145866.666666667,120000,75000
"118","Coquimbo","Elqui","Coquimbo",13590,23069.5,32130,38318.6666666667,48333.0416666666,45825,57142.8571428571,64808.3333333334,96687.5,109400,120000,80333.3333333333
"119","Coquimbo","Elqui","La Higuera",NA,NA,17850,NA,34212.5,36520,39520,59280,92083.3333333333,89640,1e+05,77556.5833333333
"120","Coquimbo","Elqui","La Serena",16106.6666666667,18700.8571428571,33492.8333333333,49375,55220,63333.3333333333,56800,63545.8333333334,102700,129913.142857143,130000,85714.2857142857
"121","Coquimbo","Elqui","Paiguano",NA,NA,NA,NA,NA,NA,NA,NA,NA,96636.6666666667,90000,80000
"122","Coquimbo","Elqui","Vicuña",NA,NA,23990.4,28333.3333333333,35140,NA,59580,50500,82598.75,85323.3333333333,95890.2,75000
"123","Coquimbo","Limarí","Combarbalá",8582.7,15656,16065,24528,27242.7777777778,NA,45666.6666666667,49400,83488.8888888889,81685.3333333333,1e+05,76666.6666666667
"124","Coquimbo","Limarí","Monte Patria",NA,NA,21423,22666.6666666667,30892.3076923077,34583.3333333334,49285.7142857143,50702,87018.75,87520,85000,66666.6666666667
"125","Coquimbo","Limarí","Ovalle",13046.4,20830,28560,28230.75,33553,35527.4,51085.7142857143,52826.6666666666,74321,87520,1e+05,70000
"126","Coquimbo","Limarí","Punitaqui",NA,NA,18764,NA,26940.6666666667,25000,38158.0952380952,40826.4444444444,69598.75,67463.3333333333,105000,60250
"127","Coquimbo","Limarí","Río Hurtado",NA,NA,17191.8214285714,NA,23426.6666666667,NA,28750,49400,73239,82050,66666.6666666667,60000
"128","Los Lagos","Chiloé","Ancud",NA,NA,NA,34050,34212.5,40083.3333333333,67184,79790,85451.7857142857,95725,85000,67900.5
"129","Los Lagos","Chiloé","Castro",21285,37555,57120,NA,NA,54368.625,62500,73730,88400,107725,1e+05,80333.3333333333
"130","Los Lagos","Chiloé","Chonchi",10872,17883.3333333333,20495.8181818182,NA,NA,38333.3333333334,46750,58435.7142857143,76440,80901.6,79166.6666666667,61916.7
"131","Los Lagos","Chiloé","Curaco de Vélez",NA,NA,NA,32189.4285714286,20493,NA,43750,54340,66300,97275.7142857143,88333.3333333333,65000
"132","Los Lagos","Chiloé","Dalcahue",NA,NA,NA,NA,NA,40080.4,57500,59166.25,87295,95853.3333333333,1e+05,75000
"133","Los Lagos","Chiloé","Puqueldón",NA,NA,NA,NA,NA,NA,43197.6666666667,46578.5714285714,64458.3333333333,77025,75000,60000
"134","Los Lagos","Chiloé","Queilén",NA,NA,NA,NA,NA,NA,37424,41721.1111111111,66300,65684,77500,70000
"135","Los Lagos","Chiloé","Quellón",NA,NA,NA,NA,NA,NA,60000,58787.5,83980,98460,96666.6666666667,80333.3333333333
"136","Los Lagos","Chiloé","Quemchi",NA,NA,NA,NA,NA,32575,49400,45450,66300,77025,92500,66666.6666666667
"137","Los Lagos","Chiloé","Quinchao",NA,NA,NA,NA,NA,36520,55000,56349,51350,98460,87500,50000
"138","Los Lagos","Llanquihue","Calbuco",NA,NA,NA,NA,NA,36000,49400,60600,61620,82160,83333.3333333333,62500
"139","Los Lagos","Llanquihue","Fresia",11476,10193.5,21420,NA,NA,35500,39520,51371.5,86883.3333333333,87884.6666666667,65833.3333333333,74166.6666666667
"140","Los Lagos","Llanquihue","Frutillar",NA,NA,NA,38548.3333333333,44176,40000,39520,65663.75,66300,82050,86666.6666666667,62500
"141","Los Lagos","Llanquihue","Llanquihue",13741,16452.6666666666,24097.5,NA,NA,NA,49640,56645.3333333333,82875,86738.5714285714,88000,75000
"142","Los Lagos","Llanquihue","Los Muermos",NA,NA,NA,24516,31280,34237.5,44460,59280,72745.8333333333,95725,92500,66666.6666666667
"143","Los Lagos","Llanquihue","Maullín",10469.3333333333,15926.6666666667,19452.8571428571,28091.25,46895,NA,49400,52693.3333333333,66014,78736.6666666667,90000,83333.3333333333
"144","Los Lagos","Llanquihue","Puerto Montt",14496,22801.25,30345,40000,55220,51666.6666666667,64000,85850,85583.3333333333,109400,1e+05,80333.3333333333
"145","Los Lagos","Llanquihue","Puerto Varas",19328,71533.3333333333,29452.5,37000,51681,45000,60000,67333.3333333333,86821.4285714286,110357.25,141875,90000
"146","Los Lagos","Osorno","Osorno",10469.3333333333,21460,31212,30000,47188,38695,51085.7142857143,63485.7142857143,79898,90310,102171.25,80000
"147","Los Lagos","Osorno","Puerto Octay",12080,19314,26775,NA,NA,32000,36666.6666666667,53530,58933.3333333333,72700,78000,81521.1666666667
"148","Los Lagos","Osorno","Purranque",7550,13519.8,23675.3333333334,30000,23803.1666666666,33785.4166666666,35627.6,50500,65189.6,68000,85000,73333.3333333333
"149","Los Lagos","Osorno","Puyehue",NA,NA,NA,NA,NA,NA,37500,45450,68510,85332,65000,80000
"150","Los Lagos","Osorno","Río Negro",NA,NA,NA,20666.6666666667,24702.5,NA,34666.6666666667,40400,74587.5,87843.8333333333,70000,76666.6666666667
"151","Los Lagos","Osorno","San Juan de La Costa",NA,NA,NA,16526.7142857143,39100,24346.6666666667,20000,33666.6666666667,49296,60361.6,50000,60000
"152","Los Lagos","Osorno","San Pablo",NA,NA,NA,NA,NA,27390,32000,40400,53040,57982,50000,62250
"153","Los Ríos","Ranco","Futrono",NA,NA,NA,24250,26797.1428571429,30888.8888888889,31750,55718.3333333333,60775,83144,80000,75000
"154","Los Ríos","Ranco","La Unión",18120,43993,32130,30645,23460,NA,47250,45450,69062.5,87520,95000,66666.6666666667
"155","Los Ríos","Ranco","Lago Ranco",NA,NA,NA,NA,NA,28571.4285714286,32000,37170.5,58933.3333333333,91166.6666666667,60285.7142857143,48750
"156","Los Ríos","Ranco","Río Bueno",NA,NA,NA,24344,29099.8,NA,36666.6666666667,47989.5,69062.5,82050,76000,72500
"157","Los Ríos","Valdivia","Corral",NA,NA,NA,NA,NA,NA,38570,47975,62248.3333333334,71890,88333.3333333333,60000
"158","Los Ríos","Valdivia","Lanco",NA,NA,NA,NA,NA,30000,37500,46258,64090,82160,70000,62500
"159","Los Ríos","Valdivia","Los Lagos",11274.6666666667,19504.5833333334,19748.3333333333,24000,20080,33300,33333.3333333333,48606.25,63869,78403.3333333333,1e+05,79375
"160","Los Ríos","Valdivia","Máfil",NA,NA,NA,NA,NA,NA,35376.6666666667,50500,64090,82160,73750,62500
"161","Los Ríos","Valdivia","Mariquina",12540,17321.2857142857,19992,NA,NA,NA,32500,40400,66300,66755,62500,64000
"162","Los Ríos","Valdivia","Paillaco",10354.2857142857,17525.6666666667,17850,NA,NA,NA,35000,46123.3333333333,66300,74346.4166666667,68333.3333333333,62500
"163","Los Ríos","Valdivia","Panguipulli",NA,NA,NA,NA,NA,40000,37500,40400,52487.5,82050,72500,62500
"164","Los Ríos","Valdivia","Valdivia",16106.6666666667,20157.475,28560,33799.1666666667,42670,47078.5,61750,68680,73944,109400,1e+05,85000
"165","Magallanes","Magallanes","Punta Arenas",21994.6666666667,35258.5571428571,55692,59185.75,66096.6666666667,75000,96100.0833333333,104294.4,132600,164100,163333.333333333,125000
"166","Magallanes","Tierra del Fuego","Porvenir",21341.3333333333,23525.5,44625,46269.25,73114,91300,103040,108406.666666667,192270,133468,2e+05,150000
"167","Magallanes","Última Esperanza","Natales",13288,24784.5,36550,42666.6,58125,68216,60000,77206,114643.75,136750,131000,112916.666666666
"168","Maule","Cauquenes","Cauquenes",8633.25,17643,18255,26000,29722.5,32665.9714285715,36188.5714285714,42925,61858.3333333333,65706,85000,75000
"169","Maule","Cauquenes","Chanco",NA,NA,15130,NA,NA,30000,37500,48480,64449.8571428571,68192.6666666667,95725.7142857143,50000
"170","Maule","Cauquenes","Pelluhue",8776.25,9785,14076,NA,19550,30000,45448,43430,64187.5,71657,77500,86666.6666666667
"171","Maule","Curicó","Curicó",20234,32190,23562,33333.3333333333,45180,NA,51428.5714285714,74100,99450,100101,1e+05,80333.3333333333
"172","Maule","Curicó","Hualañé",13987.2,30553.75,22491,NA,NA,NA,33428.5714285714,46123.3333333333,66300,68375,70000,80333.3333333333
"173","Maule","Curicó","Licantén",NA,NA,21420,NA,NA,NA,50000,56322.125,96931.25,68466.6666666667,72500,80333.3333333333
"174","Maule","Curicó","Molina",8053.33333333333,15531.75,23020.9,24800,36144,40000,44810.5714285714,61988.75,82237.75,98460,105000,80166.6666666667
"175","Maule","Curicó","Rauco",NA,NA,18421,NA,NA,37191.4285714286,43125,54540,70720,91166.6666666667,1e+05,76000
"176","Maule","Curicó","Romeral",NA,NA,26622,29000,32435.5,45650,48046,62822,81033.3333333333,85828.5714285714,105000,62500
"177","Maule","Curicó","Sagrada Familia",NA,NA,16065,28602,29325,36000,50000,45450,82322.5,88158.1666666667,97142.8571428571,61500
"178","Maule","Curicó","Teno",NA,NA,NA,NA,NA,NA,NA,54540,82160,98460,102000,80333.3333333333
"179","Maule","Curicó","Vichuquén",NA,NA,22695,NA,NA,NA,39520,52693.3333333333,78731.25,68375,50000,80000
"180","Maule","Linares","Colbún",NA,NA,18564,28643.3333333333,32581.5,NA,30000,44776.6666666667,73666.6666666667,81831.2,90000,75000
"181","Maule","Linares","Linares",13288,20548.5,24990,34668.3333333333,39100,41085,49400,54440,68289,82050,84000,72000
"182","Maule","Linares","Longaví",9553,14449.7777777778,14535,19333.3333333333,26994.2,NA,36666.6666666667,38380,72745.8333333333,73900,83333.3333333333,78717.1666666667
"183","Maule","Linares","Parral",11880,19570,20081.25,27925.8,26773.3333333333,31714.2857142857,39820,56246.25,75026,82050,68333.3333333333,70000
"184","Maule","Linares","Retiro",NA,NA,16707.6,NA,NA,20833.3333333333,30742.5,33034.25,57298.2,76580,90000,60250
"185","Maule","Linares","San Javier",NA,NA,21553.875,21750,28547.3333333333,40000,37500,56704.2857142857,70720,73845,70000,70000
"186","Maule","Linares","Villa Alegre",9935.75,13591.3333333333,15606,32000,41477.75,31428.5714285714,38000,45450,66300,69286.6666666667,86666.6666666667,75500
"187","Maule","Linares","Yerbas Buenas",NA,NA,16579,NA,NA,28000,29601.5,45450,71604,88796.3333333333,85416.6666666667,80000
"188","Maule","Talca","Constitución",22801,29355,30260,31465,35140,NA,47424,52520,83980,87520,1e+05,90000
"189","Maule","Talca","Curepto",NA,NA,18326,18904.5,29785.3333333333,24400,32933.3333333333,40400,61620,71110,70000,77500
"190","Maule","Talca","Empedrado",NA,NA,16065,NA,NA,25000,40990,42925,55250,76580,1e+05,60000
"191","Maule","Talca","Maule",NA,NA,19992,NA,NA,33333.3333333333,41600,52036.6666666667,61880,99554,87500,60250
"192","Maule","Talca","Pelarco",9305,12375.3333333334,18151.1428571429,25000,27610,30000,37500,45450,66165.3333333333,95725,93333.3333333333,80000
"193","Maule","Talca","Pencahue",NA,NA,17136,NA,NA,32500,39520,59280,71825,91896,84000,70000
"194","Maule","Talca","Río Claro",NA,NA,22223.25,NA,NA,NA,40000,53328,70720,91622.5,1e+05,66666.6666666667
"195","Maule","Talca","San Clemente",9060,20385.5,19278,26400,23928.6666666667,26666.6666666667,35000,47975,70720,76580,84000,66666.6666666667
"196","Maule","Talca","San Rafael",NA,NA,NA,NA,NA,31042,30000,50500,57617.8571428571,76829.8,1e+05,68750
"197","Maule","Talca","Talca",14496,24832.2857142857,33415.2,40000,50775,58432,53000,64640,88400,105017.5,1e+05,83333.3333333333
"198","Metropolitana","Chacabuco","Colina",12533,24607.3333333333,29988,41699.7,52710,46666.6666666667,62514.2857142857,96897.2,116025,126357,114080,76000
"199","Metropolitana","Chacabuco","Lampa",14496,21527,24990,NA,45682,50000,53000,58916.6666666667,92267.5,89082.8571428572,121800,82333.3333333333
"200","Metropolitana","Chacabuco","Tiltil",19630,23069.5,30056.2,NA,48875,44250,54000,67333.3333333333,102700,164100,120000,81666.6666666667
"201","Metropolitana","Cordillera","Pirque",14850,18241,29988,NA,60240,59135,82773.3333333333,74066.6666666667,101291.666666667,98460,112400,125000
"202","Metropolitana","Cordillera","Puente Alto",20133.3333333333,37453.3333333333,53550,53750,65101.2,60400,87500,87000,101291.666666667,124716,121964.625,80333.3333333333
"203","Metropolitana","Cordillera","San José de Maipo",15704,26825,32206.75,NA,50200,NA,63333.3333333333,77433.3333333333,132600,103952,125000,1e+05
"204","Metropolitana","Maipo","Buin",15840,21460,32130,NA,52208,44000,62500,68175,118787.5,112018.95,112600,80166.6666666667
"205","Metropolitana","Maipo","Calera de Tango",15704,23606,27847.6666666667,78000,45180,54780,68448,85738.3333333333,97240,124268,105000,78333.3333333333
"206","Metropolitana","Maipo","Paine",12618,21460,24990,34090.9090909091,42670,46666.6666666667,50000,75750,91346.6666666667,103930,105337.8,64500
"207","Metropolitana","Maipo","San Bernardo",23624,26825,60690,40860,50200,55000,59280,74066.6666666667,104975,96933.3333333333,105000,80666.6666666667
"208","Metropolitana","Melipilla","Alhué",12080,19176.2,24097.5,NA,32630,NA,52320,59590,99450,103930,1e+05,75500
"209","Metropolitana","Melipilla","Curacaví",13046.4,21460,26775,38311.25,43506.6666666667,NA,50000,72830,81770,98460,114235.125,80000
"210","Metropolitana","Melipilla","María Pinto",11044.5714285714,17811.8,21420,25000,36402.1714285714,NA,42200,53866.6666666667,91162.5,67202.8571428571,115000,86296.8333333333
"211","Metropolitana","Melipilla","Melipilla",12986,23433.75,32780.8571428571,44265,47160,50000,60000,70480,99450,109400,103333.333333333,91666.6666666667
"212","Metropolitana","Melipilla","San Pedro",9900,14968.375,24097.5,NA,37902.25,40000,50000,62586.6666666667,89781.25,82160,61666.6666666667,60000
"213","Metropolitana","Santiago","Cerrillos",NA,32190,60520,40860,66264,65000,72773.3333333333,89637.5,136933.333333333,120340,114763.166666667,1e+05
"214","Metropolitana","Santiago","Cerro Navia",14815.4,26582.6666666667,38250,44883.3333333333,49670,45650,61818.1818181818,71038.8571428571,91059.4285714286,100580,102222.222222222,70750
"215","Metropolitana","Santiago","Conchalí",20385,28434.5,42840,50000,59180,NA,64000,88375,101291.666666667,113776,123333.333333333,80000
"216","Metropolitana","Santiago","El Bosque",NA,26825,37423.7777777778,50000,50200,60000,56666.6666666667,68817.1428571429,106816.666666667,95725,1e+05,73333.3333333333
"217","Metropolitana","Santiago","Estación Central",16106.6666666667,32190,45517.5,63760,63523.5,NA,80000,106531.041666666,128180,136860,125000,82666.6666666667
"218","Metropolitana","Santiago","Huechuraba",NA,26241.4285714286,35479,NA,47491.25,62000,69250,77770,88400,145032,101500,62500
"219","Metropolitana","Santiago","Independencia",NA,35549.2,48792.2916666666,66666.6666666667,78200,89128.5714285714,101066.666666667,101602.5,117866.666666667,212592,120000,1e+05
"220","Metropolitana","Santiago","La Cisterna",17636.8,42920,53550,91935,83980,76666.6666666667,95160,121200,142935,127054.5,187183.5,87500
"221","Metropolitana","Santiago","La Florida",19328,32762.3333333333,44553.6,70000,69644,75000,87500,124600,138125,157290,161392.083333333,87500
"222","Metropolitana","Santiago","La Granja",14496,28702.5,35066,47500,60240,47476,59520,75750,85583.3333333333,111502.857142857,103750,80000
"223","Metropolitana","Santiago","La Pintana",15704,24219.1428571429,35700,40000,43987.5,44000,51856,62764.2857142857,70947.5384615385,102700,98750,60250
"224","Metropolitana","Santiago","La Reina",51340,134125,176460,162500,200800,2e+05,207333.333333333,197600,294666.666666667,396575,3e+05,150000
"225","Metropolitana","Santiago","Las Condes",96640,141636,151300,295000,225900,354017,311000,404000,479034.833333333,616200,545000,3e+05
"226","Metropolitana","Santiago","Lo Barnechea",NA,56812.5,44982,136397.5,102910,104725,218337.642857143,135340,123391.666666667,200312,197500,1e+05
"227","Metropolitana","Santiago","Lo Espejo",NA,25161.4285714286,38675,46666.6666666667,50200,50000,62500,69165.8333333333,94012.2,102471.333333333,130000,78750
"228","Metropolitana","Santiago","Lo Prado",17037.6666666667,29507.5,46636.6666666667,47427.875,70910,63000,64500,75750,104975,102700,130000,82262.0833333333
"229","Metropolitana","Santiago","Macul",24505.1428571429,37555,59976,73032,70280,72668.5714285714,110000,84166.6666666667,112626.6,123240,160000,1e+05
"230","Metropolitana","Santiago","Maipú",24916.6666666667,39343.3333333333,68544,62000,75880,NA,92500,117833.333333333,144755,139594.4,152500,1e+05
"231","Metropolitana","Santiago","Ñuñoa",62332.8,65912.8571428571,100866.666666667,150000,174745,NA,185714.285714286,196950,221000,407502.75,506000,205000
"232","Metropolitana","Santiago","Pedro Aguirre Cerda",NA,24464.4,40698,50000,54818.4,57000,66666.6666666667,90900,107342.857142857,99827.5,108725,75000
"233","Metropolitana","Santiago","Peñalolén",15100,26825,42840,50430,65166.6666666667,NA,71177.1428571429,95950,104054.166666666,128223,122500,80000
"234","Metropolitana","Santiago","Providencia",108720,170958.333333333,242760,222445.833333333,344775,276666.666666667,372000,262600,483437.5,839920,645000,4e+05
"235","Metropolitana","Santiago","Pudahuel",17188.3333333333,28613.3333333333,34527,47500,56923.7272727273,65500,73333.3333333333,96671.4285714286,99450,111588,117500,83333.3333333333
"236","Metropolitana","Santiago","Quilicura",15301.3333333333,25036.6666666667,37485,NA,55220,52000,72500,91236.6666666667,99450,136750,136000,95500
"237","Metropolitana","Santiago","Quinta Normal",21744,31351.6666666667,40162.5,55000,67770,59472.5714285714,64520,83325,116025,112525.714285714,112500,1e+05
"238","Metropolitana","Santiago","Recoleta",NA,31188.5,39743.5714285714,50000,62750,60866.6666666667,70000,80800,110500,103148.571428571,112500,83333.3333333333
"239","Metropolitana","Santiago","Renca",15548.7142857143,26986,32130,50000,50200,45650.8333333333,70000,83493.3333333333,82875,92990,121200,80166.6666666667
"240","Metropolitana","Santiago","San Joaquín",18217.1428571429,42920,39035.4,NA,63935,NA,65000,84166.6666666667,102947.6,100749,130000,90000
"241","Metropolitana","Santiago","San Miguel",23405,42075.6666666667,48195,91290,86057.1428571429,77598.8,131250,164666.666666667,179010,142220,187500,133333.333333333
"242","Metropolitana","Santiago","San Ramón",15168,28511.6666666667,34578,50000,51148,NA,58142.8571428571,69160,77350,117605,1e+05,72380.5
"243","Metropolitana","Santiago","Santiago",21099.7333333334,33531.25,79878.75,98000,110440,105213.333333333,130000,138875,137020,218800,293333.333333333,144000
"244","Metropolitana","Santiago","Vitacura",NA,163155.25,302600,NA,404212.5,466637.533333334,5e+05,583084.2,663000,916891.75,750000,266666.666666667
"245","Metropolitana","Talagante","El Monte",12238.5454545455,23912.5714285714,27846,NA,34805.3333333333,40000,50000,50500,82875,102700,123333.333333333,77777.7777777778
"246","Metropolitana","Talagante","Isla de Maipo",13960,20145.625,26775,28000,45897.1428571429,47142.8571428571,54000,69185,95766.6666666667,95542.6666666667,150000,75000
"247","Metropolitana","Talagante","Padre Hurtado",NA,NA,25840,NA,44176,57390,55000,60600,75831.5,109952.666666667,88750,75000
"248","Metropolitana","Talagante","Peñaflor",16308,26510,32130,37500,58650,NA,78193,76255,110500,115818.333333333,140000,87500
"249","Metropolitana","Talagante","Talagante",14194,21460,36146.25,36000,48875,52500,64208.3333333334,80800,89404.5,118050,120000,87500
"250","O'Higgins","Cachapoal","Codegua",NA,NA,26477.5,NA,NA,38333.3333333334,NA,63966.6666666667,88400,98460,91000,78571.4285714286
"251","O'Higgins","Cachapoal","Coinco",NA,NA,NA,NA,NA,NA,NA,68175,99450,84992,99000,62500
"252","O'Higgins","Cachapoal","Coltauco",NA,NA,NA,28333.8571428571,38363.3333333333,35652,57500,64640,83980,116693.333333333,97500,80000
"253","O'Higgins","Cachapoal","Doñihue",15704,21460,24766.8571428571,30000,44343.3333333333,NA,78000,74925,88400,98460,102250,94166.6666666667
"254","O'Higgins","Cachapoal","Graneros",NA,NA,NA,42000,44427,48066.6666666667,53571.4285714286,61778.3333333333,99450,102289,110000,80333.3333333333
"255","O'Higgins","Cachapoal","Las Cabras",NA,NA,NA,NA,NA,NA,NA,59280,79339,98460,97500,80000
"256","O'Higgins","Cachapoal","Machalí",16514.5714285714,21460,69615,36031.4,56893.3333333333,NA,72675,65650,101291.666666667,157536,140000,1e+05
"257","O'Higgins","Cachapoal","Malloa",NA,NA,NA,NA,NA,34166.6666666666,NA,61100,102903.125,102700,95666.1428571429,72500
"258","O'Higgins","Cachapoal","Mostazal",15220.8,24142.5,NA,30645,36144,47932.5,51079,63125,93925,109400,1e+05,80000
"259","O'Higgins","Cachapoal","Olivar",NA,NA,NA,32500,45180,55361.6666666667,67694.25,72453.3333333333,77350,102700,101500,80000
"260","O'Higgins","Cachapoal","Peumo",NA,NA,21420,NA,NA,NA,NA,68175,77350,101947.5,102000,72000
"261","O'Higgins","Cachapoal","Pichidegua",NA,NA,NA,32403.4285714286,38277.5,42500,60000,51942.8571428571,79007.5,109400,77333.3333333333,80000
"262","O'Higgins","Cachapoal","Quinta de Tilcoco",NA,NA,NA,23504.4545454545,33466.6666666667,31750,41955.6666666667,65650,77025,98460,105000,80000
"263","O'Higgins","Cachapoal","Rancagua",22549.3333333333,37555,42840,46262.6,51360,66250,70914.2857142857,86860,105626.166666667,120340,110000,93333.3333333333
"264","O'Higgins","Cachapoal","Rengo",15704,25476.4,30260,30166.6666666667,38905,41600,54005.7142857143,67064,102212.5,127998,1e+05,74944.375
"265","O'Higgins","Cachapoal","Requínoa",NA,NA,NA,31666.6666666667,36813.3333333333,NA,52500,54744,91162.5,120340,91500,75000
"266","O'Higgins","Cachapoal","San Vicente",10066.6666666667,17168,21955.5,37795.5,41666,41125,52500,57570,91162.5,109400,1e+05,83166.6666666667
"267","O'Higgins","Cardenal Caro","La Estrella",NA,NA,NA,22666.6666666667,30120,36520,49400,55550,74950.4166666667,147690,1e+05,80000
"268","O'Higgins","Cardenal Caro","Litueche",NA,NA,NA,NA,NA,38125,NA,52693.3333333333,80507.1428571429,98460,93750,80000
"269","O'Higgins","Cardenal Caro","Marchihue",NA,NA,NA,NA,NA,36250,NA,50500,77025,103930,1e+05,80000
"270","O'Higgins","Cardenal Caro","Navidad",NA,NA,NA,NA,NA,29500,NA,44187.5,88400,102700,83333.3333333333,75000
"271","O'Higgins","Cardenal Caro","Paredones",10570,14306.6666666667,18564,NA,NA,NA,NA,40400,62800.8333333334,95178,119333.333333333,80000
"272","O'Higgins","Cardenal Caro","Pichilemu",NA,NA,NA,26666.6666666667,33216.4285714286,36520,54340,59280,85761,79147.5,87333.3333333333,80000
"273","O'Higgins","Colchagua","Chépica",NA,NA,NA,27287.75,28112,NA,38000,46897.6666666666,82160,76754.2,75000,74666.6666666667
"274","O'Higgins","Colchagua","Chimbarongo",13742.3076923077,21460,20081.25,28250,35140,37097.6666666667,41760,51341.6666666667,69200.8,98460,1e+05,62500
"275","O'Higgins","Colchagua","Lolol",NA,NA,NA,20000,35140,27390,32933.3333333333,43632,71825,98460,74600,80000
"276","O'Higgins","Colchagua","Nancagua",NA,NA,NA,31500,38654,45000.3,47500,59280,82517.5,98460,98000,70000
"277","O'Higgins","Colchagua","Palmilla",NA,NA,NA,NA,NA,NA,NA,50500,79560,98460,87500,78750
"278","O'Higgins","Colchagua","Peralillo",NA,NA,NA,30645,37650,42943,49520,54540,73666.6666666667,87520,78000,75833.3333333333
"279","O'Higgins","Colchagua","Placilla",NA,NA,NA,NA,NA,33333.3333333333,NA,54792.5,79339,79178.25,88750,78333.3333333333
"280","O'Higgins","Colchagua","Pumanque",NA,NA,NA,NA,NA,NA,NA,37033.3333333333,73666.6666666667,131280,79273,59375
"281","O'Higgins","Colchagua","San Fernando",12870,25726.7142857143,40332.5,39666.6666666667,42849.2857142857,51814,54500,83626.6666666667,96554.6666666667,109414.4,1e+05,80333.3333333333
"282","O'Higgins","Colchagua","Santa Cruz",9060,13591.3333333333,13923,37500,40411,43260,47424,53866.6666666667,73206.25,102700,104623.666666667,75000
"283","Tarapacá","Iquique","Alto Hospicio",NA,NA,NA,NA,NA,NA,50000,56055,83664.2857142857,105024,117500,83333.3333333333
"284","Tarapacá","Iquique","Iquique",24160,36482,42840,61290,63934.1666666666,60000,74441.1764705882,95192.5,123085.625,154050,156666.666666667,116666.666666667
"285","Tarapacá","Tamarugal","Camiña",NA,NA,NA,NA,24437.5,NA,40000,27270,55250,136933.333333333,45000,25000
"286","Tarapacá","Tamarugal","Huara",NA,NA,NA,NA,39100,41000,46666.6666666667,50577.2857142857,41080,109400,90000,70000
"287","Tarapacá","Tamarugal","Pica",19509.25,24951.75,21420,66666.6666666667,50200,46955,50000,60600,93605.7777777778,117605,1e+05,1e+05
"288","Tarapacá","Tamarugal","Pozo Almonte",16912,24142.5,39645,37500,58650,47777.7777777778,60000,80800,94714.2857142857,109098.571428571,150000,1e+05
"289","Valparaíso","Los Andes","Calle Larga",NA,20387,27846,25000,41833.3333333333,34000,40288,56560,88123.75,104554.857142857,105000,86666.6666666667
"290","Valparaíso","Los Andes","Los Andes",10872,32190,42840,47500,62750,56000,63750,82333.3333333333,110500,164100,105000,1e+05
"291","Valparaíso","Los Andes","Rinconada",NA,19224.4444444444,31960,27777.7777777778,39156,40000,46111.1111111111,58075,84256.25,103930,124800,75000
"292","Valparaíso","Los Andes","San Esteban",NA,21460,30416.4,30000,40160,36714.2857142857,49234.5,63125,82875,102403.333333334,102500,86862
"293","Valparaíso","Marga Marga","Limache",NA,28971,50461.6666666666,34637.6666666667,46184,46466.6666666667,64166.6666666666,60600,83671.25,82050,1e+05,80000
"294","Valparaíso","Marga Marga","Olmué",NA,20036.8571428571,23026.5,NA,39128,NA,46930,54828.5714285714,88400,92664.6428571428,91200,72564.2
"295","Valparaíso","Marga Marga","Quilpué",21643.3333333334,26591.5,28917,50000,69617.5,NA,65000,84082.5,96687.5,123622,125000,1e+05
"296","Valparaíso","Marga Marga","Villa Alemana",24160,34336,42840,51650.9090909091,60240,57500,62500,76886.25,89109.3333333333,120636.666666666,116666.666666667,87500
"297","Valparaíso","Petorca","Cabildo",NA,21052.2,24097.5,29500,39678.5714285714,37500,49218.75,55550,83980,99189.3333333333,1e+05,76000
"298","Valparaíso","Petorca","La Ligua",11031.5,20767.1428571429,30260,28150.5,36801.5,40000,60000,66278.3333333333,81666,93327,105000,75000
"299","Valparaíso","Petorca","Papudo",NA,33799.5,26775,NA,40160,NA,56666.6666666667,59590,91162.5,136933.333333333,120000,75812.8
"300","Valparaíso","Petorca","Petorca",NA,19314,26775,NA,30120,33333.3333333333,36666.6666666667,57525,61880,95725,1e+05,70000
"301","Valparaíso","Petorca","Zapallar",NA,20387,29356.75,NA,46853.3333333333,NA,57444.4444444444,76997.1428571428,102700,85179.8571428571,115000,70000
"302","Valparaíso","Quillota","Calera",12684,16363.25,29597,34050,43570.2857142857,54285.7142857143,47424,NA,NA,85332,102527.2,67568
"303","Valparaíso","Quillota","Hijuelas",NA,20387,21420,23175.5555555556,40913,40000,53947.9166666666,63125,90702.0833333333,87520,95430.3809523809,73333.3333333333
"304","Valparaíso","Quillota","La Cruz",NA,29355,26775,NA,45180,NA,62500,64387.5,77073.75,125810,110000,64166.6666666666
"305","Valparaíso","Quillota","Nogales",11838.4,23606,40162.5,32930,43307.9166666667,45000,47764.3,75144,92430,83640.25,102593.25,65000
"306","Valparaíso","Quillota","Quillota",14496,23892.1666666667,31931.6666666667,37300,46853.3333333333,52400,55847.25,66786.9,92543.75,108306,111640,87500
"307","Valparaíso","San Antonio","Algarrobo",NA,23484,32130,NA,61980,NA,60000,74100,116025,103930,110000,83333.3333333333
"308","Valparaíso","San Antonio","Cartagena",9900,21460,30260,40860,48875,43821,49400,67060,71211.1111111111,98733.5,94000,70000
"309","Valparaíso","San Antonio","El Quisco",NA,17168,29988,NA,45180,46745.6,55500,73730,92872,176644,120000,80000
"310","Valparaíso","San Antonio","El Tabo",NA,15156.125,38089.4444444444,47383.3333333333,50200,53186.6666666667,51266.6666666667,73585.7142857143,109265,109400,118400,75000
"311","Valparaíso","San Antonio","San Antonio",12080,25752,31862.25,38750,48875,50000,50000,55550,77025,98460,1e+05,77075.5
"312","Valparaíso","San Antonio","Santo Domingo",NA,60394.5714285714,32130,NA,50200,NA,56186.6666666667,79040,94781.8181818182,113046.666666667,96000,80000
"313","Valparaíso","San Felipe","Catemu",NA,14306.6666666667,23205,NA,36395,36691.0714285714,49400,50500,83841.2857142857,101195,98750,90000
"314","Valparaíso","San Felipe","Llaillay",NA,21181,26945,33000,50200,NA,46000,NA,NA,102289,98000,80000
"315","Valparaíso","San Felipe","Panquehue",NA,15290.25,26989.2,NA,38905,37500,48750,63125,84453.5714285714,117660,110505.6,75000
"316","Valparaíso","San Felipe","Putaendo",NA,22526,31835.5,NA,35758.125,33333.3333333333,45234.8,50500,77758.5714285714,102700,92600,82166.6666666667
"317","Valparaíso","San Felipe","San Felipe",18132.6666666667,25394.3333333333,34807.5,39000,48875,50000,58810.7,70700,96687.5,100648,105000,80000
"318","Valparaíso","San Felipe","Santa María",NA,23606,30260,25000,40160,NA,49333.3333333333,58580,91162.5,77947.5,1e+05,98125
"319","Valparaíso","Valparaíso","Casablanca",9060,28613.3333333333,29988,42500,46920,50682.8571428571,49333.3333333333,70700,92083.3333333333,85332,88000,62750
"320","Valparaíso","Valparaíso","Concón",NA,NA,NA,NA,74965.3333333333,NA,74796,97364,143650,117371.428571429,206000,1e+05
"321","Valparaíso","Valparaíso","Puchuncaví",NA,12876,24990,NA,40160,NA,70000,67333.3333333333,99450,98235,98000,76000
"322","Valparaíso","Valparaíso","Quintero",NA,16095,22950,43400,50593.75,46666.6666666667,64220,64135,88400,83922.1666666667,131666.666666667,75000
"323","Valparaíso","Valparaíso","Valparaíso",14720,27029,35700,40168.3333333333,49351.2,NA,63100,69015,88901.4285714286,105024,108333.333333333,80000
"324","Valparaíso","Valparaíso","Viña del Mar",18724,29666.75,50598,43616.3333333333,60575,NA,78777.8,67838.3333333333,99450,136750,133333.333333333,1e+05
"325","País","País","País",15414,21996.5,26775,37250,45180,41000,50000,60600,82875,109035.333333333,106666.666666667,83333.3333333333
