comuna_datachile_id,candidato_id,partido_id,votos_candidato,electo,year,election_id
1,8,0,91,0,2016,5
1,9,0,68,0,2016,5
1,602,8,1772,1,2016,5
1,603,8,1592,0,2016,5
1,604,8,1446,0,2016,5
1,605,8,744,0,2016,5
1,606,8,141,0,2016,5
2,8,0,12,0,2016,5
2,9,0,11,0,2016,5
2,607,8,2477,1,2016,5
2,608,4,602,0,2016,5
3,8,0,40,0,2016,5
3,9,0,40,0,2016,5
3,609,11,2036,1,2016,5
3,610,8,1032,0,2016,5
4,8,0,42,0,2016,5
4,9,0,35,0,2016,5
4,611,8,1564,1,2016,5
4,612,10,992,0,2016,5
5,8,0,310,0,2016,5
5,9,0,148,0,2016,5
5,613,9,6158,1,2016,5
5,614,6,4795,0,2016,5
5,615,8,1282,0,2016,5
5,616,8,688,0,2016,5
5,617,37,653,0,2016,5
5,618,8,128,0,2016,5
6,8,0,287,0,2016,5
6,9,0,238,0,2016,5
6,619,8,7242,1,2016,5
6,620,6,4554,0,2016,5
6,621,9,3873,0,2016,5
7,8,0,77,0,2016,5
7,9,0,83,0,2016,5
7,622,10,2807,1,2016,5
7,623,8,1799,0,2016,5
7,624,16,1080,0,2016,5
8,8,0,424,0,2016,5
8,9,0,286,0,2016,5
8,625,8,13318,1,2016,5
8,626,9,4359,0,2016,5
9,8,0,1248,0,2016,5
9,9,0,414,0,2016,5
9,627,8,18157,1,2016,5
9,628,6,14329,0,2016,5
9,629,8,11655,0,2016,5
9,630,8,7475,0,2016,5
9,631,10,5725,0,2016,5
9,632,8,5288,0,2016,5
9,633,8,1442,0,2016,5
9,634,8,468,0,2016,5
10,8,0,11,0,2016,5
10,9,0,14,0,2016,5
10,635,8,985,1,2016,5
10,636,8,783,0,2016,5
10,637,9,659,0,2016,5
10,638,8,63,0,2016,5
11,8,0,277,0,2016,5
11,9,0,253,0,2016,5
11,639,8,9219,1,2016,5
11,640,2,2674,0,2016,5
11,641,8,902,0,2016,5
12,8,0,1166,0,2016,5
12,9,0,655,0,2016,5
12,642,15,11558,1,2016,5
12,643,8,11424,0,2016,5
12,644,6,10056,0,2016,5
12,645,9,6601,0,2016,5
12,646,37,2995,0,2016,5
12,647,8,1248,0,2016,5
12,648,27,998,0,2016,5
12,649,8,799,0,2016,5
12,650,16,497,0,2016,5
12,651,12,484,0,2016,5
12,652,8,477,0,2016,5
13,8,0,127,0,2016,5
13,9,0,116,0,2016,5
13,653,6,4644,1,2016,5
13,654,8,2930,0,2016,5
14,8,0,303,0,2016,5
14,9,0,237,0,2016,5
14,655,6,14185,1,2016,5
14,656,11,8597,0,2016,5
14,657,13,3037,0,2016,5
14,658,8,943,0,2016,5
15,8,0,145,0,2016,5
15,9,0,117,0,2016,5
15,659,8,3459,1,2016,5
15,660,9,2589,0,2016,5
15,661,7,2246,0,2016,5
15,662,8,1555,0,2016,5
16,8,0,100,0,2016,5
16,9,0,93,0,2016,5
16,663,8,5611,1,2016,5
16,664,9,2941,0,2016,5
17,8,0,6,0,2016,5
17,9,0,4,0,2016,5
17,665,9,435,1,2016,5
17,666,8,420,0,2016,5
18,8,0,96,0,2016,5
18,9,0,94,0,2016,5
18,667,8,8679,1,2016,5
18,668,9,3863,0,2016,5
18,669,8,669,0,2016,5
18,670,7,602,0,2016,5
19,8,0,824,0,2016,5
19,9,0,324,0,2016,5
19,206,7,11696,1,2016,5
19,671,2,7764,0,2016,5
19,672,8,7293,0,2016,5
19,673,8,2719,0,2016,5
19,674,16,2088,0,2016,5
19,675,8,1518,0,2016,5
19,676,12,567,0,2016,5
20,8,0,334,0,2016,5
20,9,0,463,0,2016,5
20,677,2,3491,1,2016,5
20,678,8,2968,0,2016,5
20,679,16,2726,0,2016,5
20,680,7,1870,0,2016,5
20,681,17,351,0,2016,5
21,8,0,67,0,2016,5
21,9,0,38,0,2016,5
21,682,11,3906,1,2016,5
21,683,6,1908,0,2016,5
21,684,8,545,0,2016,5
21,685,16,129,0,2016,5
22,8,0,429,0,2016,5
22,9,0,234,0,2016,5
22,686,7,8666,1,2016,5
22,687,9,4889,0,2016,5
22,688,16,1655,0,2016,5
22,689,8,918,0,2016,5
22,690,8,494,0,2016,5
22,691,8,277,0,2016,5
23,8,0,194,0,2016,5
23,9,0,86,0,2016,5
23,692,8,5561,1,2016,5
23,693,7,4205,0,2016,5
24,8,0,142,0,2016,5
24,9,0,62,0,2016,5
24,694,10,3973,1,2016,5
24,695,8,584,0,2016,5
24,696,8,383,0,2016,5
25,8,0,48,0,2016,5
25,9,0,28,0,2016,5
25,16,8,242,0,2016,5
25,697,10,1111,1,2016,5
25,698,8,1046,0,2016,5
26,8,0,18,0,2016,5
26,9,0,17,0,2016,5
26,699,7,703,1,2016,5
26,700,8,650,0,2016,5
26,701,16,248,0,2016,5
26,702,8,26,0,2016,5
27,8,0,32,0,2016,5
27,9,0,38,0,2016,5
27,703,8,3046,1,2016,5
27,704,8,2277,0,2016,5
28,8,0,260,0,2016,5
28,9,0,175,0,2016,5
28,705,7,7153,1,2016,5
28,706,9,4531,0,2016,5
28,707,5,418,0,2016,5
29,8,0,143,0,2016,5
29,9,0,124,0,2016,5
29,708,6,5986,1,2016,5
29,709,2,5445,0,2016,5
30,8,0,133,0,2016,5
30,9,0,87,0,2016,5
30,710,11,4526,1,2016,5
30,711,7,2599,0,2016,5
30,712,16,364,0,2016,5
31,8,0,250,0,2016,5
31,9,0,155,0,2016,5
31,713,7,6153,1,2016,5
31,714,9,2906,0,2016,5
32,8,0,317,0,2016,5
32,9,0,212,0,2016,5
32,715,6,5809,1,2016,5
32,716,9,4603,0,2016,5
32,717,8,1472,0,2016,5
32,718,8,1172,0,2016,5
33,8,0,93,0,2016,5
33,9,0,84,0,2016,5
33,719,8,3320,1,2016,5
33,720,11,2233,0,2016,5
34,8,0,257,0,2016,5
34,9,0,207,0,2016,5
34,721,7,10372,1,2016,5
34,722,8,6702,0,2016,5
35,8,0,436,0,2016,5
35,9,0,194,0,2016,5
35,112,7,7590,0,2016,5
35,723,10,13467,1,2016,5
36,8,0,795,0,2016,5
36,9,0,449,0,2016,5
36,91,12,367,0,2016,5
36,724,8,16262,1,2016,5
36,725,7,15319,0,2016,5
36,726,8,2352,0,2016,5
36,727,5,734,0,2016,5
36,728,28,267,0,2016,5
37,8,0,18,0,2016,5
37,9,0,37,0,2016,5
37,729,8,930,1,2016,5
37,730,8,694,0,2016,5
37,731,11,521,0,2016,5
38,8,0,70,0,2016,5
38,9,0,52,0,2016,5
38,732,7,3331,1,2016,5
38,733,8,2523,0,2016,5
39,8,0,37,0,2016,5
39,9,0,41,0,2016,5
39,734,8,2672,1,2016,5
39,735,2,2033,0,2016,5
39,736,8,406,0,2016,5
39,737,8,382,0,2016,5
40,8,0,82,0,2016,5
40,9,0,95,0,2016,5
40,738,8,3618,1,2016,5
40,739,8,2778,0,2016,5
40,740,8,291,0,2016,5
41,8,0,446,0,2016,5
41,9,0,209,0,2016,5
41,323,7,1834,0,2016,5
41,741,10,12452,1,2016,5
41,742,8,8846,0,2016,5
42,8,0,25,0,2016,5
42,9,0,33,0,2016,5
42,743,8,1071,1,2016,5
42,744,8,774,0,2016,5
42,745,8,427,0,2016,5
42,746,6,115,0,2016,5
42,747,8,20,0,2016,5
43,8,0,1217,0,2016,5
43,9,0,568,0,2016,5
43,748,8,27114,1,2016,5
43,749,2,17360,0,2016,5
43,750,8,2095,0,2016,5
43,751,8,1155,0,2016,5
44,8,0,243,0,2016,5
44,9,0,165,0,2016,5
44,752,10,2907,1,2016,5
44,753,5,2141,0,2016,5
44,754,8,1892,0,2016,5
44,755,7,1070,0,2016,5
44,756,12,305,0,2016,5
44,757,8,247,0,2016,5
45,8,0,159,0,2016,5
45,9,0,146,0,2016,5
45,758,8,5763,1,2016,5
45,759,20,5655,0,2016,5
45,760,10,2070,0,2016,5
46,8,0,133,0,2016,5
46,9,0,65,0,2016,5
46,761,8,3329,1,2016,5
46,762,6,2446,0,2016,5
47,8,0,53,0,2016,5
47,9,0,70,0,2016,5
47,763,8,4091,1,2016,5
47,764,9,2234,0,2016,5
47,765,8,278,0,2016,5
48,8,0,11,0,2016,5
48,9,0,18,0,2016,5
48,766,7,1181,1,2016,5
48,767,8,982,0,2016,5
49,8,0,29,0,2016,5
49,9,0,16,0,2016,5
49,768,2,2342,1,2016,5
49,769,7,1924,0,2016,5
50,8,0,19,0,2016,5
50,9,0,37,0,2016,5
50,770,11,947,1,2016,5
50,771,7,885,0,2016,5
50,772,8,320,0,2016,5
51,8,0,25,0,2016,5
51,9,0,25,0,2016,5
51,773,6,1002,1,2016,5
51,774,9,390,0,2016,5
52,8,0,49,0,2016,5
52,9,0,49,0,2016,5
52,775,9,3077,1,2016,5
52,776,8,2815,0,2016,5
52,777,7,221,0,2016,5
53,8,0,70,0,2016,5
53,9,0,47,0,2016,5
53,778,8,4610,1,2016,5
53,779,8,4308,0,2016,5
54,8,0,414,0,2016,5
54,9,0,238,0,2016,5
54,780,10,8337,1,2016,5
54,781,7,5094,0,2016,5
54,782,17,868,0,2016,5
55,8,0,56,0,2016,5
55,9,0,71,0,2016,5
55,783,8,6798,1,2016,5
55,784,11,5141,0,2016,5
56,8,0,137,0,2016,5
56,9,0,112,0,2016,5
56,785,7,1949,1,2016,5
56,786,8,1486,0,2016,5
57,8,0,78,0,2016,5
57,9,0,74,0,2016,5
57,787,8,5132,1,2016,5
57,788,8,4217,0,2016,5
57,789,8,294,0,2016,5
57,790,8,162,0,2016,5
58,8,0,30,0,2016,5
58,9,0,27,0,2016,5
58,791,16,816,1,2016,5
58,792,7,456,0,2016,5
58,793,8,413,0,2016,5
58,794,8,398,0,2016,5
59,8,0,1059,0,2016,5
59,9,0,622,0,2016,5
59,795,6,14905,1,2016,5
59,796,10,7652,0,2016,5
60,8,0,149,0,2016,5
60,9,0,158,0,2016,5
60,359,10,862,0,2016,5
60,797,8,5257,1,2016,5
60,798,6,1431,0,2016,5
60,799,8,1295,0,2016,5
60,800,8,1069,0,2016,5
61,8,0,105,0,2016,5
61,9,0,61,0,2016,5
61,801,8,3948,1,2016,5
61,802,8,2891,0,2016,5
61,803,8,384,0,2016,5
62,8,0,75,0,2016,5
62,9,0,79,0,2016,5
62,804,8,4815,1,2016,5
62,805,23,1468,0,2016,5
63,8,0,370,0,2016,5
63,9,0,199,0,2016,5
63,806,8,5031,1,2016,5
63,807,6,4337,0,2016,5
63,808,2,3138,0,2016,5
63,809,8,2380,0,2016,5
64,8,0,1757,0,2016,5
64,9,0,807,0,2016,5
64,810,9,25224,1,2016,5
64,811,6,18196,0,2016,5
64,812,8,5120,0,2016,5
64,813,8,4620,0,2016,5
64,814,16,805,0,2016,5
65,8,0,1203,0,2016,5
65,9,0,579,0,2016,5
65,77,5,826,0,2016,5
65,815,8,8485,1,2016,5
65,816,10,8302,0,2016,5
65,817,8,7174,0,2016,5
65,818,13,2094,0,2016,5
65,819,8,1677,0,2016,5
65,820,8,1034,0,2016,5
66,8,0,233,0,2016,5
66,9,0,202,0,2016,5
66,821,8,9184,1,2016,5
66,822,9,5876,0,2016,5
66,823,8,3221,0,2016,5
67,8,0,31,0,2016,5
67,9,0,17,0,2016,5
67,824,6,1571,1,2016,5
67,825,8,1153,0,2016,5
67,826,10,788,0,2016,5
68,8,0,371,0,2016,5
68,9,0,537,0,2016,5
68,827,8,11609,1,2016,5
68,828,8,10334,0,2016,5
68,829,8,6668,0,2016,5
68,830,8,3607,0,2016,5
68,831,8,2641,0,2016,5
68,832,8,1907,0,2016,5
68,833,18,684,0,2016,5
68,834,8,630,0,2016,5
68,835,8,548,0,2016,5
68,836,16,404,0,2016,5
69,8,0,1289,0,2016,5
69,9,0,666,0,2016,5
69,837,8,20437,1,2016,5
69,838,6,6949,0,2016,5
69,839,8,4660,0,2016,5
69,840,16,3827,0,2016,5
69,841,5,2138,0,2016,5
69,842,21,836,0,2016,5
70,8,0,682,0,2016,5
70,9,0,416,0,2016,5
70,371,5,397,0,2016,5
70,843,14,20405,1,2016,5
70,844,7,11256,0,2016,5
70,845,4,3376,0,2016,5
71,8,0,61,0,2016,5
71,9,0,42,0,2016,5
71,846,8,1326,1,2016,5
71,847,10,1223,0,2016,5
71,848,8,563,0,2016,5
72,8,0,66,0,2016,5
72,9,0,97,0,2016,5
72,849,11,3922,1,2016,5
72,850,6,3169,0,2016,5
72,851,8,1323,0,2016,5
73,8,0,195,0,2016,5
73,9,0,126,0,2016,5
73,852,8,5424,1,2016,5
73,853,8,660,0,2016,5
73,854,8,334,0,2016,5
74,8,0,130,0,2016,5
74,9,0,104,0,2016,5
74,855,8,6633,1,2016,5
74,856,10,4384,0,2016,5
74,857,12,126,0,2016,5
75,8,0,40,0,2016,5
75,9,0,48,0,2016,5
75,858,9,1059,1,2016,5
75,859,7,1057,0,2016,5
75,860,8,83,0,2016,5
76,8,0,193,0,2016,5
76,9,0,137,0,2016,5
76,861,8,6990,1,2016,5
76,862,1,6672,0,2016,5
77,8,0,28,0,2016,5
77,9,0,56,0,2016,5
77,863,11,2033,1,2016,5
77,864,7,1785,0,2016,5
77,865,8,54,0,2016,5
78,8,0,73,0,2016,5
78,9,0,134,0,2016,5
78,866,8,3778,1,2016,5
78,867,8,1067,0,2016,5
78,868,8,348,0,2016,5
78,869,8,233,0,2016,5
79,8,0,1154,0,2016,5
79,9,0,556,0,2016,5
79,870,9,19512,1,2016,5
79,871,8,15048,0,2016,5
79,872,8,3566,0,2016,5
79,873,8,2133,0,2016,5
80,8,0,81,0,2016,5
80,9,0,90,0,2016,5
80,874,8,1571,1,2016,5
80,875,8,1446,0,2016,5
80,876,8,977,0,2016,5
80,877,8,783,0,2016,5
80,878,16,279,0,2016,5
81,8,0,37,0,2016,5
81,9,0,62,0,2016,5
81,879,1,1791,1,2016,5
81,880,8,1437,0,2016,5
81,881,8,666,0,2016,5
81,882,8,395,0,2016,5
81,883,8,361,0,2016,5
82,8,0,154,0,2016,5
82,9,0,103,0,2016,5
82,884,8,4240,1,2016,5
82,885,8,2918,0,2016,5
82,886,8,880,0,2016,5
82,887,8,216,0,2016,5
83,8,0,1283,0,2016,5
83,9,0,678,0,2016,5
83,888,10,18378,1,2016,5
83,889,6,7415,0,2016,5
83,890,13,3078,0,2016,5
83,891,5,1772,0,2016,5
84,8,0,79,0,2016,5
84,9,0,57,0,2016,5
84,892,9,5024,1,2016,5
84,893,8,1780,0,2016,5
84,894,7,87,0,2016,5
85,8,0,319,0,2016,5
85,9,0,146,0,2016,5
85,895,10,6501,1,2016,5
85,896,6,4312,0,2016,5
85,897,8,384,0,2016,5
85,898,8,162,0,2016,5
86,8,0,141,0,2016,5
86,9,0,66,0,2016,5
86,899,9,2984,1,2016,5
86,900,8,2079,0,2016,5
86,901,8,333,0,2016,5
86,902,8,89,0,2016,5
87,8,0,120,0,2016,5
87,9,0,55,0,2016,5
87,903,11,2394,1,2016,5
87,904,8,1686,0,2016,5
87,905,7,444,0,2016,5
87,906,5,325,0,2016,5
88,8,0,27,0,2016,5
88,9,0,15,0,2016,5
88,907,6,1272,1,2016,5
88,908,8,1195,0,2016,5
88,909,8,298,0,2016,5
88,910,11,214,0,2016,5
89,8,0,58,0,2016,5
89,9,0,63,0,2016,5
89,911,6,1796,1,2016,5
89,912,8,1521,0,2016,5
89,913,9,609,0,2016,5
90,8,0,968,0,2016,5
90,9,0,448,0,2016,5
90,914,6,15440,1,2016,5
90,915,10,12402,0,2016,5
90,916,8,2608,0,2016,5
90,917,8,1296,0,2016,5
91,8,0,86,0,2016,5
91,9,0,90,0,2016,5
91,918,9,2632,1,2016,5
91,919,6,1638,0,2016,5
91,920,5,1203,0,2016,5
92,8,0,169,0,2016,5
92,9,0,171,0,2016,5
92,921,7,4647,1,2016,5
92,922,9,3988,0,2016,5
92,923,8,251,0,2016,5
93,8,0,22,0,2016,5
93,9,0,26,0,2016,5
93,924,10,1745,1,2016,5
93,925,7,985,0,2016,5
93,926,8,275,0,2016,5
93,927,8,133,0,2016,5
94,8,0,77,0,2016,5
94,9,0,69,0,2016,5
94,928,7,3290,1,2016,5
94,929,10,3030,0,2016,5
95,8,0,75,0,2016,5
95,9,0,89,0,2016,5
95,930,8,3740,1,2016,5
95,931,10,3016,0,2016,5
95,932,8,1319,0,2016,5
96,8,0,9,0,2016,5
96,9,0,13,0,2016,5
96,933,8,944,1,2016,5
96,934,8,415,0,2016,5
96,935,7,140,0,2016,5
97,8,0,77,0,2016,5
97,9,0,81,0,2016,5
97,936,6,3766,1,2016,5
97,937,11,2617,0,2016,5
98,8,0,83,0,2016,5
98,9,0,77,0,2016,5
98,938,8,3783,1,2016,5
98,939,8,1758,0,2016,5
98,940,8,523,0,2016,5
98,941,6,258,0,2016,5
99,8,0,25,0,2016,5
99,9,0,22,0,2016,5
99,942,8,404,1,2016,5
99,943,7,356,0,2016,5
99,944,10,292,0,2016,5
99,945,8,131,0,2016,5
100,8,0,92,0,2016,5
100,9,0,80,0,2016,5
100,946,6,3538,1,2016,5
100,947,2,2719,0,2016,5
100,948,8,678,0,2016,5
100,949,5,102,0,2016,5
101,8,0,196,0,2016,5
101,9,0,134,0,2016,5
101,950,8,7851,1,2016,5
101,951,9,4069,0,2016,5
101,952,7,441,0,2016,5
102,8,0,3,0,2016,5
102,9,0,10,0,2016,5
102,953,8,670,1,2016,5
102,954,10,237,0,2016,5
102,955,26,108,0,2016,5
103,8,0,74,0,2016,5
103,9,0,84,0,2016,5
103,956,8,4893,1,2016,5
103,957,8,1858,0,2016,5
103,958,16,295,0,2016,5
104,8,0,104,0,2016,5
104,9,0,130,0,2016,5
104,959,11,2630,1,2016,5
104,960,7,1074,0,2016,5
105,8,0,63,0,2016,5
105,9,0,74,0,2016,5
105,961,7,3489,1,2016,5
105,962,9,2515,0,2016,5
106,8,0,731,0,2016,5
106,9,0,277,0,2016,5
106,963,8,8772,1,2016,5
106,964,7,8444,0,2016,5
106,965,11,8221,0,2016,5
106,966,8,1207,0,2016,5
107,8,0,277,0,2016,5
107,9,0,187,0,2016,5
107,340,5,957,0,2016,5
107,967,8,5218,1,2016,5
107,968,6,2225,0,2016,5
108,8,0,81,0,2016,5
108,9,0,36,0,2016,5
108,969,2,1058,0,2016,5
108,970,8,1058,1,2016,5
108,971,8,199,0,2016,5
109,8,0,26,0,2016,5
109,9,0,50,0,2016,5
109,972,11,2184,1,2016,5
109,973,8,986,0,2016,5
109,974,8,637,0,2016,5
109,975,7,364,0,2016,5
110,8,0,483,0,2016,5
110,9,0,265,0,2016,5
110,976,11,16208,1,2016,5
110,977,8,5944,0,2016,5
110,978,8,2412,0,2016,5
110,979,8,262,0,2016,5
111,8,0,110,0,2016,5
111,9,0,101,0,2016,5
111,980,8,6621,1,2016,5
111,981,8,4635,0,2016,5
111,982,8,909,0,2016,5
112,8,0,452,0,2016,5
112,9,0,235,0,2016,5
112,983,10,13463,1,2016,5
112,984,8,5018,0,2016,5
112,985,7,3513,0,2016,5
112,986,12,395,0,2016,5
113,8,0,1504,0,2016,5
113,9,0,557,0,2016,5
113,104,16,1156,0,2016,5
113,987,8,20229,1,2016,5
113,988,6,20108,0,2016,5
113,989,8,1513,0,2016,5
113,990,8,1176,0,2016,5
113,991,8,572,0,2016,5
114,8,0,190,0,2016,5
114,9,0,142,0,2016,5
114,992,9,5348,1,2016,5
114,993,7,4421,0,2016,5
114,994,12,500,0,2016,5
115,8,0,20,0,2016,5
115,9,0,18,0,2016,5
115,995,5,1328,1,2016,5
115,996,8,808,0,2016,5
115,997,8,245,0,2016,5
116,8,0,3,0,2016,5
116,9,0,1,0,2016,5
116,998,7,270,1,2016,5
116,999,4,258,0,2016,5
117,8,0,673,0,2016,5
117,9,0,294,0,2016,5
117,1000,11,11340,1,2016,5
117,1001,6,4798,0,2016,5
117,1002,13,4419,0,2016,5
118,8,0,97,0,2016,5
118,9,0,49,0,2016,5
118,1003,6,3940,1,2016,5
118,1004,10,3182,0,2016,5
118,1005,8,156,0,2016,5
118,1006,8,68,0,2016,5
119,8,0,33,0,2016,5
119,9,0,21,0,2016,5
119,1007,8,1130,1,2016,5
119,1008,8,838,0,2016,5
119,1009,9,507,0,2016,5
120,8,0,1876,0,2016,5
120,9,0,1031,0,2016,5
120,1010,8,56341,1,2016,5
120,1011,1,19785,0,2016,5
120,1012,13,3280,0,2016,5
120,1013,12,2557,0,2016,5
120,1014,28,1172,0,2016,5
121,8,0,880,0,2016,5
121,9,0,474,0,2016,5
121,1015,9,13439,1,2016,5
121,1016,25,2775,0,2016,5
121,1017,8,2626,0,2016,5
121,1018,8,1605,0,2016,5
121,1019,12,538,0,2016,5
122,8,0,28,0,2016,5
122,9,0,35,0,2016,5
122,1020,6,1662,1,2016,5
122,1021,10,739,0,2016,5
123,8,0,172,0,2016,5
123,9,0,123,0,2016,5
123,24,8,825,0,2016,5
123,1022,1,6860,1,2016,5
123,1023,7,5829,0,2016,5
123,1024,8,831,0,2016,5
124,8,0,1161,0,2016,5
124,9,0,686,0,2016,5
124,1025,9,8313,1,2016,5
124,1026,7,7270,0,2016,5
124,1027,8,6599,0,2016,5
124,1028,8,2463,0,2016,5
124,1029,5,1842,0,2016,5
124,1030,8,734,0,2016,5
125,8,0,662,0,2016,5
125,9,0,348,0,2016,5
125,142,4,1210,0,2016,5
125,1031,6,12893,1,2016,5
125,1032,9,12194,0,2016,5
125,1033,8,5556,0,2016,5
125,1034,12,552,0,2016,5
126,8,0,1084,0,2016,5
126,9,0,633,0,2016,5
126,1035,2,21899,1,2016,5
126,1036,8,6062,0,2016,5
126,1037,19,3860,0,2016,5
126,1038,25,2595,0,2016,5
126,1039,16,1387,0,2016,5
126,1040,8,1074,0,2016,5
126,1041,21,615,0,2016,5
127,8,0,193,0,2016,5
127,9,0,161,0,2016,5
127,1042,8,6983,1,2016,5
127,1043,11,5354,0,2016,5
127,1044,8,1389,0,2016,5
127,1045,5,137,0,2016,5
128,8,0,71,0,2016,5
128,9,0,75,0,2016,5
128,1046,7,2663,1,2016,5
128,1047,8,690,0,2016,5
128,1048,8,654,0,2016,5
128,1049,9,516,0,2016,5
129,8,0,18,0,2016,5
129,9,0,17,0,2016,5
129,1050,6,453,1,2016,5
129,1051,2,393,0,2016,5
129,1052,8,16,0,2016,5
129,1053,8,6,0,2016,5
130,8,0,5,0,2016,5
130,9,0,6,0,2016,5
130,1054,6,261,1,2016,5
130,1055,11,135,0,2016,5
130,1056,8,129,0,2016,5
130,1057,8,13,0,2016,5
130,1058,8,6,0,2016,5
131,8,0,156,0,2016,5
131,9,0,106,0,2016,5
131,1059,8,4611,1,2016,5
131,1060,10,4301,0,2016,5
131,1061,8,536,0,2016,5
132,8,0,74,0,2016,5
132,9,0,89,0,2016,5
132,1062,7,3420,1,2016,5
132,1063,9,2278,0,2016,5
132,1064,8,1378,0,2016,5
133,8,0,141,0,2016,5
133,9,0,149,0,2016,5
133,1065,6,4839,1,2016,5
133,1066,2,3424,0,2016,5
133,1067,8,1494,0,2016,5
134,8,0,2559,0,2016,5
134,9,0,1605,0,2016,5
134,532,6,67150,1,2016,5
134,1069,10,10976,0,2016,5
134,1070,8,6145,0,2016,5
134,1071,12,1074,0,2016,5
135,8,0,384,0,2016,5
135,9,0,307,0,2016,5
135,1072,8,8421,1,2016,5
135,1073,6,3147,0,2016,5
136,8,0,187,0,2016,5
136,9,0,204,0,2016,5
136,346,4,310,0,2016,5
136,1074,8,6083,1,2016,5
136,1075,6,2709,0,2016,5
137,8,0,39,0,2016,5
137,9,0,23,0,2016,5
137,1076,8,2288,1,2016,5
137,1077,6,1541,0,2016,5
137,1078,2,683,0,2016,5
138,8,0,553,0,2016,5
138,9,0,211,0,2016,5
138,1079,8,7583,1,2016,5
138,1080,10,2785,0,2016,5
138,1081,8,2425,0,2016,5
139,8,0,835,0,2016,5
139,9,0,349,0,2016,5
139,1082,7,15268,1,2016,5
139,1083,11,10040,0,2016,5
140,8,0,45,0,2016,5
140,9,0,42,0,2016,5
140,1084,6,2427,1,2016,5
140,1085,9,1584,0,2016,5
141,8,0,77,0,2016,5
141,9,0,74,0,2016,5
141,1086,9,5158,1,2016,5
141,1087,8,1638,0,2016,5
141,1088,6,719,0,2016,5
141,1089,8,616,0,2016,5
142,8,0,287,0,2016,5
142,9,0,211,0,2016,5
142,1090,9,6955,1,2016,5
142,1091,8,551,0,2016,5
142,1092,7,513,0,2016,5
143,8,0,476,0,2016,5
143,9,0,322,0,2016,5
143,143,12,1333,0,2016,5
143,1093,7,16592,1,2016,5
143,1094,8,10613,0,2016,5
143,1095,8,1012,0,2016,5
144,8,0,1046,0,2016,5
144,9,0,524,0,2016,5
144,1096,11,10128,1,2016,5
144,1097,8,4737,0,2016,5
144,1098,8,4197,0,2016,5
144,1099,6,1886,0,2016,5
145,8,0,1191,0,2016,5
145,9,0,632,0,2016,5
145,1100,11,8332,1,2016,5
145,1101,8,6796,0,2016,5
145,1102,8,5702,0,2016,5
146,8,0,42,0,2016,5
146,9,0,45,0,2016,5
146,1103,8,2780,1,2016,5
146,1104,8,1344,0,2016,5
147,8,0,139,0,2016,5
147,9,0,123,0,2016,5
147,1105,7,4203,1,2016,5
147,1106,9,4189,0,2016,5
147,1107,8,286,0,2016,5
148,8,0,112,0,2016,5
148,9,0,108,0,2016,5
148,1108,6,7756,1,2016,5
148,1109,11,6855,0,2016,5
149,8,0,63,0,2016,5
149,9,0,62,0,2016,5
149,1110,9,2303,1,2016,5
149,1111,8,1789,0,2016,5
149,1112,8,1005,0,2016,5
149,1113,8,711,0,2016,5
149,1114,8,249,0,2016,5
150,8,0,119,0,2016,5
150,9,0,92,0,2016,5
150,1115,6,5814,1,2016,5
150,1116,8,3660,0,2016,5
151,8,0,438,0,2016,5
151,9,0,213,0,2016,5
151,1117,6,8687,1,2016,5
151,1118,8,6695,0,2016,5
151,1119,8,2769,0,2016,5
151,1120,4,553,0,2016,5
151,1121,16,515,0,2016,5
152,8,0,859,0,2016,5
152,9,0,1041,0,2016,5
152,353,8,750,0,2016,5
152,1122,2,27350,1,2016,5
152,1123,6,14559,0,2016,5
152,1124,13,847,0,2016,5
152,1125,8,650,0,2016,5
152,1126,16,580,0,2016,5
153,8,0,84,0,2016,5
153,9,0,93,0,2016,5
153,1127,8,2962,1,2016,5
153,1128,8,2052,0,2016,5
153,1129,10,2024,0,2016,5
153,1130,8,745,0,2016,5
154,8,0,90,0,2016,5
154,9,0,138,0,2016,5
154,1131,6,5034,1,2016,5
154,1132,2,1865,0,2016,5
154,1133,8,154,0,2016,5
155,8,0,47,0,2016,5
155,9,0,31,0,2016,5
155,1134,6,1931,1,2016,5
155,1135,9,1785,0,2016,5
155,1136,8,924,0,2016,5
156,8,0,123,0,2016,5
156,9,0,134,0,2016,5
156,1137,8,3501,1,2016,5
156,1138,7,2014,0,2016,5
156,1139,8,1157,0,2016,5
156,1140,19,453,0,2016,5
156,1141,16,82,0,2016,5
157,8,0,384,0,2016,5
157,9,0,197,0,2016,5
157,1142,8,8501,1,2016,5
157,1143,8,7902,0,2016,5
157,1144,8,6522,0,2016,5
157,1145,16,680,0,2016,5
157,1146,8,158,0,2016,5
158,8,0,56,0,2016,5
158,9,0,46,0,2016,5
158,1147,10,2133,1,2016,5
158,1148,8,2041,0,2016,5
158,1149,8,823,0,2016,5
158,1150,8,197,0,2016,5
159,8,0,264,0,2016,5
159,9,0,171,0,2016,5
159,1151,6,6753,1,2016,5
159,1152,2,6272,0,2016,5
160,8,0,640,0,2016,5
160,9,0,337,0,2016,5
160,1153,8,14464,1,2016,5
160,1154,9,9942,0,2016,5
160,1155,6,5445,0,2016,5
161,8,0,60,0,2016,5
161,9,0,83,0,2016,5
161,1156,11,2313,1,2016,5
161,1157,8,977,0,2016,5
161,1158,8,54,0,2016,5
162,8,0,3642,0,2016,5
162,9,0,1399,0,2016,5
162,1159,8,35303,1,2016,5
162,1160,8,30615,0,2016,5
162,1161,9,17040,0,2016,5
162,1162,8,11004,0,2016,5
162,1163,8,2222,0,2016,5
162,1164,28,1174,0,2016,5
163,8,0,83,0,2016,5
163,9,0,65,0,2016,5
163,1165,8,3792,1,2016,5
163,1166,8,2983,0,2016,5
164,8,0,50,0,2016,5
164,9,0,76,0,2016,5
164,1167,6,2983,1,2016,5
164,1168,10,823,0,2016,5
165,8,0,38,0,2016,5
165,9,0,23,0,2016,5
165,1169,8,1290,1,2016,5
165,1170,10,912,0,2016,5
166,8,0,49,0,2016,5
166,9,0,45,0,2016,5
166,224,8,2648,1,2016,5
166,1171,6,1816,0,2016,5
166,1172,10,706,0,2016,5
166,1173,8,121,0,2016,5
167,8,0,128,0,2016,5
167,9,0,84,0,2016,5
167,1174,8,3738,1,2016,5
167,1175,8,2560,0,2016,5
167,1176,10,2159,0,2016,5
167,1177,5,135,0,2016,5
168,8,0,214,0,2016,5
168,9,0,161,0,2016,5
168,1178,9,6760,1,2016,5
168,1179,8,2205,0,2016,5
169,8,0,105,0,2016,5
169,9,0,120,0,2016,5
169,1180,9,2856,1,2016,5
169,1181,8,2194,0,2016,5
169,1182,8,1290,0,2016,5
169,1183,8,207,0,2016,5
170,8,0,38,0,2016,5
170,9,0,28,0,2016,5
170,1184,8,2394,1,2016,5
170,1185,11,2260,0,2016,5
171,8,0,26,0,2016,5
171,9,0,38,0,2016,5
171,1186,6,1556,1,2016,5
171,1187,8,1150,0,2016,5
171,1188,8,670,0,2016,5
172,8,0,711,0,2016,5
172,9,0,548,0,2016,5
172,228,12,449,0,2016,5
172,1189,7,16073,1,2016,5
172,1190,11,9127,0,2016,5
172,1191,8,1757,0,2016,5
172,1192,8,854,0,2016,5
172,1193,8,243,0,2016,5
173,8,0,279,0,2016,5
173,9,0,147,0,2016,5
173,1194,9,10418,1,2016,5
173,1195,6,4524,0,2016,5
173,1196,8,3109,0,2016,5
173,1197,8,643,0,2016,5
173,1198,8,119,0,2016,5
174,8,0,119,0,2016,5
174,9,0,154,0,2016,5
174,1199,9,5117,1,2016,5
174,1200,6,4367,0,2016,5
174,1201,8,1580,0,2016,5
174,1202,8,215,0,2016,5
175,8,0,117,0,2016,5
175,9,0,112,0,2016,5
175,1203,6,4055,1,2016,5
175,1204,8,3267,0,2016,5
175,1205,8,2752,0,2016,5
176,8,0,151,0,2016,5
176,9,0,115,0,2016,5
176,1206,9,7993,1,2016,5
176,1207,8,5005,0,2016,5
177,8,0,148,0,2016,5
177,9,0,104,0,2016,5
177,1208,11,4576,1,2016,5
177,1209,8,3840,0,2016,5
177,1210,6,3199,0,2016,5
178,8,0,71,0,2016,5
178,9,0,56,0,2016,5
178,1211,10,3852,1,2016,5
178,1212,8,2875,0,2016,5
178,1213,20,645,0,2016,5
179,8,0,152,0,2016,5
179,9,0,120,0,2016,5
179,1214,6,4688,1,2016,5
179,1215,9,2284,0,2016,5
180,8,0,41,0,2016,5
180,9,0,69,0,2016,5
180,1216,8,1761,1,2016,5
180,1217,9,1602,0,2016,5
181,8,0,48,0,2016,5
181,9,0,37,0,2016,5
181,1218,11,2045,1,2016,5
181,1219,8,1385,0,2016,5
181,1220,8,1321,0,2016,5
181,1221,8,534,0,2016,5
182,8,0,25,0,2016,5
182,9,0,41,0,2016,5
182,1222,7,2114,1,2016,5
182,1223,9,2102,0,2016,5
182,1224,8,75,0,2016,5
183,8,0,185,0,2016,5
183,9,0,120,0,2016,5
183,1225,16,3235,1,2016,5
183,1226,8,1809,0,2016,5
183,1227,8,1657,0,2016,5
183,1228,7,929,0,2016,5
183,1229,8,807,0,2016,5
183,1230,8,331,0,2016,5
184,8,0,429,0,2016,5
184,9,0,300,0,2016,5
184,1231,9,8123,1,2016,5
184,1232,6,3084,0,2016,5
184,1233,8,1660,0,2016,5
185,8,0,45,0,2016,5
185,9,0,44,0,2016,5
185,1234,6,3656,1,2016,5
185,1235,8,2247,0,2016,5
186,8,0,1807,0,2016,5
186,9,0,807,0,2016,5
186,1236,8,30933,1,2016,5
186,1237,11,22327,0,2016,5
186,1238,13,6031,0,2016,5
186,1239,8,3102,0,2016,5
187,8,0,2,0,2016,5
187,9,0,3,0,2016,5
187,1240,8,214,1,2016,5
187,1241,9,211,0,2016,5
188,8,0,117,0,2016,5
188,9,0,76,0,2016,5
188,1242,10,3024,1,2016,5
188,1243,8,2950,0,2016,5
189,8,0,14,0,2016,5
189,9,0,9,0,2016,5
189,1244,6,523,1,2016,5
189,1245,8,370,0,2016,5
189,1246,8,68,0,2016,5
189,1247,8,50,0,2016,5
189,1248,15,44,0,2016,5
190,8,0,117,0,2016,5
190,9,0,95,0,2016,5
190,1249,6,3710,1,2016,5
190,1250,8,2178,0,2016,5
190,1251,9,1853,0,2016,5
191,8,0,1455,0,2016,5
191,9,0,691,0,2016,5
191,1252,9,14330,1,2016,5
191,1253,8,12411,0,2016,5
191,1254,6,8581,0,2016,5
192,8,0,377,0,2016,5
192,9,0,350,0,2016,5
192,1255,8,21355,1,2016,5
192,1256,11,6874,0,2016,5
192,1257,8,598,0,2016,5
192,1258,21,450,0,2016,5
192,1259,5,348,0,2016,5
193,8,0,238,0,2016,5
193,9,0,155,0,2016,5
193,1260,7,10192,1,2016,5
193,1261,10,3894,0,2016,5
193,1262,12,235,0,2016,5
193,1263,28,119,0,2016,5
194,8,0,475,0,2016,5
194,9,0,394,0,2016,5
194,1264,7,9895,1,2016,5
194,1265,11,5512,0,2016,5
195,8,0,29,0,2016,5
195,9,0,21,0,2016,5
195,1266,7,1529,1,2016,5
195,1267,11,1415,0,2016,5
196,8,0,111,0,2016,5
196,9,0,100,0,2016,5
196,1268,10,4426,1,2016,5
196,1269,6,3800,0,2016,5
196,1270,8,243,0,2016,5
196,1271,5,112,0,2016,5
197,8,0,367,0,2016,5
197,9,0,282,0,2016,5
197,1272,7,12925,1,2016,5
197,1273,11,5199,0,2016,5
198,8,0,14,0,2016,5
198,9,0,10,0,2016,5
198,1274,8,377,1,2016,5
198,1275,8,288,0,2016,5
198,1276,7,264,0,2016,5
198,1277,8,219,0,2016,5
198,1278,8,11,0,2016,5
199,8,0,42,0,2016,5
199,9,0,42,0,2016,5
199,1279,9,3505,1,2016,5
199,1280,8,2426,0,2016,5
200,8,0,263,0,2016,5
200,9,0,336,0,2016,5
200,1281,10,6111,1,2016,5
200,1282,7,5250,0,2016,5
200,1283,8,588,0,2016,5
201,8,0,43,0,2016,5
201,9,0,28,0,2016,5
201,1284,6,1991,1,2016,5
201,1285,9,1549,0,2016,5
202,8,0,22,0,2016,5
202,9,0,20,0,2016,5
202,1286,7,1748,1,2016,5
202,1287,8,1501,0,2016,5
202,1288,9,304,0,2016,5
203,8,0,26,0,2016,5
203,9,0,22,0,2016,5
203,1289,11,2251,1,2016,5
203,1290,8,2143,0,2016,5
203,1291,20,197,0,2016,5
203,1292,8,65,0,2016,5
204,8,0,257,0,2016,5
204,9,0,159,0,2016,5
204,1293,6,10389,1,2016,5
204,1294,9,6401,0,2016,5
204,1295,5,554,0,2016,5
205,8,0,824,0,2016,5
205,9,0,390,0,2016,5
205,1296,8,13010,1,2016,5
205,1297,1,8663,0,2016,5
205,1298,6,2986,0,2016,5
205,1299,12,1469,0,2016,5
205,1300,8,1220,0,2016,5
206,8,0,47,0,2016,5
206,9,0,48,0,2016,5
206,1301,6,2827,1,2016,5
206,1302,8,1513,0,2016,5
206,1303,8,129,0,2016,5
207,8,0,43,0,2016,5
207,9,0,23,0,2016,5
207,1304,8,2821,1,2016,5
207,1305,6,1991,0,2016,5
207,1306,8,95,0,2016,5
208,8,0,34,0,2016,5
208,9,0,32,0,2016,5
208,1307,8,2338,1,2016,5
208,1308,9,1884,0,2016,5
208,1309,8,777,0,2016,5
209,8,0,83,0,2016,5
209,9,0,72,0,2016,5
209,1310,7,3538,1,2016,5
209,1311,8,2964,0,2016,5
210,8,0,226,0,2016,5
210,9,0,137,0,2016,5
210,341,8,92,0,2016,5
210,1312,9,11698,1,2016,5
210,1313,8,4824,0,2016,5
210,1314,8,2316,0,2016,5
210,1315,8,755,0,2016,5
210,1316,8,250,0,2016,5
211,8,0,377,0,2016,5
211,9,0,281,0,2016,5
211,1317,9,12893,1,2016,5
211,1318,6,11413,0,2016,5
211,1319,8,692,0,2016,5
211,1320,12,290,0,2016,5
211,1321,8,274,0,2016,5
211,1322,8,169,0,2016,5
212,8,0,2059,0,2016,5
212,9,0,1021,0,2016,5
212,1323,9,27372,1,2016,5
212,1324,6,13722,0,2016,5
212,1325,12,4322,0,2016,5
212,1326,5,1622,0,2016,5
213,8,0,41,0,2016,5
213,9,0,56,0,2016,5
213,1327,6,3385,1,2016,5
213,1328,11,1998,0,2016,5
213,1329,8,125,0,2016,5
213,1330,20,73,0,2016,5
214,8,0,90,0,2016,5
214,9,0,40,0,2016,5
214,1331,8,2517,1,2016,5
214,1332,7,859,0,2016,5
215,8,0,62,0,2016,5
215,9,0,53,0,2016,5
215,1333,8,1962,1,2016,5
215,1334,8,1058,0,2016,5
215,1335,9,1005,0,2016,5
215,1336,7,666,0,2016,5
216,8,0,101,0,2016,5
216,9,0,60,0,2016,5
216,1337,8,3978,1,2016,5
216,1338,8,2665,0,2016,5
216,1339,10,448,0,2016,5
217,8,0,19,0,2016,5
217,9,0,38,0,2016,5
217,1340,8,1354,1,2016,5
217,1341,9,845,0,2016,5
217,1342,8,444,0,2016,5
217,1343,8,389,0,2016,5
217,1344,8,62,0,2016,5
217,1345,8,9,0,2016,5
218,8,0,67,0,2016,5
218,9,0,124,0,2016,5
218,1346,2,5401,1,2016,5
218,1347,6,2484,0,2016,5
219,8,0,61,0,2016,5
219,9,0,44,0,2016,5
219,1348,10,4435,1,2016,5
219,1349,8,2797,0,2016,5
219,1350,8,857,0,2016,5
219,1351,8,70,0,2016,5
220,8,0,81,0,2016,5
220,9,0,42,0,2016,5
220,1352,6,4073,1,2016,5
220,1353,8,1394,0,2016,5
220,1354,8,328,0,2016,5
221,8,0,176,0,2016,5
221,9,0,113,0,2016,5
221,1355,7,3580,1,2016,5
221,1356,10,3183,0,2016,5
221,1357,13,999,0,2016,5
222,8,0,121,0,2016,5
222,9,0,101,0,2016,5
222,1358,11,3167,1,2016,5
222,1359,8,2905,0,2016,5
222,1360,7,2686,0,2016,5
222,1361,8,423,0,2016,5
223,8,0,29,0,2016,5
223,9,0,33,0,2016,5
223,1362,9,3443,1,2016,5
223,1363,8,2271,0,2016,5
224,8,0,18,0,2016,5
224,9,0,16,0,2016,5
224,1364,7,2344,1,2016,5
224,1365,8,1712,0,2016,5
225,8,0,68,0,2016,5
225,9,0,42,0,2016,5
225,1366,9,1321,1,2016,5
225,1367,7,741,0,2016,5
226,8,0,47,0,2016,5
226,9,0,59,0,2016,5
226,1368,9,2193,1,2016,5
226,1369,8,1798,0,2016,5
226,1370,7,494,0,2016,5
226,1371,8,469,0,2016,5
226,1372,16,147,0,2016,5
227,8,0,2,0,2016,5
227,9,0,9,0,2016,5
227,1373,8,385,1,2016,5
227,1374,7,139,0,2016,5
228,2,6,32092,1,2016,5
228,8,0,771,0,2016,5
228,9,0,409,0,2016,5
228,1375,8,25425,0,2016,5
228,1376,13,1983,0,2016,5
228,1377,28,402,0,2016,5
228,1378,12,397,0,2016,5
229,8,0,80,0,2016,5
229,9,0,71,0,2016,5
229,1379,8,2771,1,2016,5
229,1380,7,2031,0,2016,5
229,1381,8,1474,0,2016,5
229,1382,8,1326,0,2016,5
230,8,0,181,0,2016,5
230,9,0,101,0,2016,5
230,1383,7,4740,1,2016,5
230,1384,9,2666,0,2016,5
230,1385,8,738,0,2016,5
230,1386,8,339,0,2016,5
230,1387,8,310,0,2016,5
231,8,0,1630,0,2016,5
231,9,0,790,0,2016,5
231,1388,10,18301,1,2016,5
231,1389,6,11128,0,2016,5
231,1390,8,5164,0,2016,5
231,1391,5,1939,0,2016,5
232,8,0,1938,0,2016,5
232,9,0,883,0,2016,5
232,1392,7,67107,1,2016,5
232,1393,10,12245,0,2016,5
232,1394,5,3123,0,2016,5
233,8,0,1555,0,2016,5
233,9,0,802,0,2016,5
233,1395,10,22742,1,2016,5
233,1396,7,10309,0,2016,5
233,1397,8,4726,0,2016,5
233,1398,8,2948,0,2016,5
233,1399,16,992,0,2016,5
234,8,0,47,0,2016,5
234,9,0,67,0,2016,5
234,1400,6,2400,1,2016,5
234,1401,9,1310,0,2016,5
234,1402,8,268,0,2016,5
234,1403,8,157,0,2016,5
234,1404,8,140,0,2016,5
235,8,0,253,0,2016,5
235,9,0,227,0,2016,5
235,1405,8,5659,1,2016,5
235,1406,10,2584,0,2016,5
235,1407,6,2282,0,2016,5
235,1408,8,2163,0,2016,5
235,1409,8,1562,0,2016,5
235,1410,8,752,0,2016,5
235,1411,16,132,0,2016,5
236,8,0,11,0,2016,5
236,9,0,28,0,2016,5
236,1412,7,1754,1,2016,5
236,1413,9,972,0,2016,5
237,8,0,74,0,2016,5
237,9,0,68,0,2016,5
237,1414,8,1228,1,2016,5
237,1415,8,1170,0,2016,5
237,1416,23,1057,0,2016,5
237,1417,10,1001,0,2016,5
237,1418,8,358,0,2016,5
237,1419,8,122,0,2016,5
238,8,0,611,0,2016,5
238,9,0,314,0,2016,5
238,1420,7,15209,1,2016,5
238,1421,10,6576,0,2016,5
238,1422,8,5588,0,2016,5
238,1423,8,2848,0,2016,5
238,1424,8,751,0,2016,5
238,1425,8,531,0,2016,5
238,1426,22,395,0,2016,5
238,1427,8,346,0,2016,5
239,8,0,20,0,2016,5
239,9,0,52,0,2016,5
239,1428,8,1347,1,2016,5
239,1429,10,495,0,2016,5
239,1430,16,433,0,2016,5
240,8,0,87,0,2016,5
240,9,0,67,0,2016,5
240,1431,11,3541,1,2016,5
240,1432,6,2360,0,2016,5
240,1433,8,284,0,2016,5
241,8,0,198,0,2016,5
241,9,0,168,0,2016,5
241,1434,9,6622,1,2016,5
241,1435,8,1273,0,2016,5
242,8,0,96,0,2016,5
242,9,0,73,0,2016,5
242,1436,10,3991,1,2016,5
242,1437,7,1735,0,2016,5
243,8,0,25,0,2016,5
243,9,0,36,0,2016,5
243,1438,8,1242,1,2016,5
243,1439,11,941,0,2016,5
243,1440,7,263,0,2016,5
243,1441,8,68,0,2016,5
244,8,0,64,0,2016,5
244,9,0,64,0,2016,5
244,1442,6,2828,1,2016,5
244,1443,9,2733,0,2016,5
244,1444,8,333,0,2016,5
245,8,0,38,0,2016,5
245,9,0,42,0,2016,5
245,1445,9,2042,1,2016,5
245,1446,6,1462,0,2016,5
246,8,0,105,0,2016,5
246,9,0,169,0,2016,5
246,1447,9,4391,1,2016,5
246,1448,7,4163,0,2016,5
247,8,0,30,0,2016,5
247,9,0,53,0,2016,5
247,1449,8,2294,1,2016,5
247,1450,8,2137,0,2016,5
248,8,0,26,0,2016,5
248,9,0,22,0,2016,5
248,1451,8,870,1,2016,5
248,1452,8,671,0,2016,5
248,1453,8,528,0,2016,5
248,1454,8,428,0,2016,5
248,1455,8,12,0,2016,5
249,8,0,1023,0,2016,5
249,9,0,411,0,2016,5
249,1456,8,17964,1,2016,5
249,1457,14,9819,0,2016,5
249,1458,6,4725,0,2016,5
249,1459,8,3133,0,2016,5
250,8,0,47,0,2016,5
250,9,0,57,0,2016,5
250,1460,8,2904,1,2016,5
250,1461,8,2056,0,2016,5
250,1462,6,109,0,2016,5
251,8,0,93,0,2016,5
251,9,0,79,0,2016,5
251,1463,7,3820,1,2016,5
251,1464,9,2326,0,2016,5
251,1465,8,1488,0,2016,5
252,8,0,602,0,2016,5
252,9,0,369,0,2016,5
252,134,4,1233,0,2016,5
252,478,7,4223,0,2016,5
252,1466,9,17398,1,2016,5
252,1467,16,741,0,2016,5
253,8,0,1216,0,2016,5
253,9,0,476,0,2016,5
253,39,4,2310,0,2016,5
253,1468,10,18585,1,2016,5
253,1469,8,12357,0,2016,5
253,1470,16,2020,0,2016,5
253,1471,8,1752,0,2016,5
254,8,0,21,0,2016,5
254,9,0,54,0,2016,5
254,1472,6,1567,1,2016,5
254,1473,8,1252,0,2016,5
254,1474,8,1174,0,2016,5
254,1475,8,72,0,2016,5
255,8,0,108,0,2016,5
255,9,0,72,0,2016,5
255,1476,11,3624,1,2016,5
255,1477,8,3072,0,2016,5
256,8,0,1207,0,2016,5
256,9,0,408,0,2016,5
256,1478,9,8696,1,2016,5
256,1479,7,6107,0,2016,5
256,1480,8,5451,0,2016,5
256,1481,5,3212,0,2016,5
257,8,0,121,0,2016,5
257,9,0,83,0,2016,5
257,1482,8,8851,1,2016,5
257,1483,8,2404,0,2016,5
258,8,0,69,0,2016,5
258,9,0,43,0,2016,5
258,1484,2,3447,1,2016,5
258,1485,8,2964,0,2016,5
259,8,0,1240,0,2016,5
259,9,0,575,0,2016,5
259,1486,8,39693,1,2016,5
259,1487,1,11312,0,2016,5
260,8,0,57,0,2016,5
260,9,0,33,0,2016,5
260,1488,11,2180,1,2016,5
260,1489,8,1369,0,2016,5
261,8,0,113,0,2016,5
261,9,0,93,0,2016,5
261,1490,2,3138,1,2016,5
261,1491,7,1884,0,2016,5
262,8,0,923,0,2016,5
262,9,0,513,0,2016,5
262,97,5,457,0,2016,5
262,1492,1,22258,1,2016,5
262,1493,6,15176,0,2016,5
262,1494,13,1299,0,2016,5
262,1495,12,456,0,2016,5
263,8,0,66,0,2016,5
263,9,0,57,0,2016,5
263,1496,8,3082,1,2016,5
263,1497,7,1151,0,2016,5
263,1498,8,612,0,2016,5
263,1499,16,154,0,2016,5
264,8,0,747,0,2016,5
264,9,0,467,0,2016,5
264,1500,9,19519,1,2016,5
264,1501,6,8116,0,2016,5
264,1502,13,2569,0,2016,5
265,8,0,525,0,2016,5
265,9,0,356,0,2016,5
265,1503,8,10790,1,2016,5
265,1504,8,7476,0,2016,5
266,8,0,198,0,2016,5
266,9,0,149,0,2016,5
266,1505,8,6435,1,2016,5
266,1506,2,1335,0,2016,5
266,1507,7,1105,0,2016,5
267,8,0,90,0,2016,5
267,9,0,68,0,2016,5
267,1508,7,4937,1,2016,5
267,1509,9,4139,0,2016,5
268,8,0,33,0,2016,5
268,9,0,20,0,2016,5
268,1510,9,3239,1,2016,5
268,1511,8,2417,0,2016,5
269,8,0,217,0,2016,5
269,9,0,125,0,2016,5
269,1512,6,7508,1,2016,5
269,1513,11,4919,0,2016,5
270,8,0,78,0,2016,5
270,9,0,90,0,2016,5
270,1514,7,3540,1,2016,5
270,1515,2,2930,0,2016,5
271,8,0,24,0,2016,5
271,9,0,28,0,2016,5
271,1516,7,1345,1,2016,5
271,1517,11,1103,0,2016,5
272,8,0,13,0,2016,5
272,9,0,14,0,2016,5
272,1518,6,1173,1,2016,5
272,1519,11,661,0,2016,5
272,1520,4,14,0,2016,5
273,8,0,106,0,2016,5
273,9,0,104,0,2016,5
273,1521,7,3802,1,2016,5
273,1522,8,1252,0,2016,5
273,1523,8,1173,0,2016,5
273,1524,16,115,0,2016,5
274,8,0,1,0,2016,5
274,9,0,6,0,2016,5
274,1525,8,375,1,2016,5
274,1526,8,110,0,2016,5
274,1527,8,18,0,2016,5
275,8,0,98,0,2016,5
275,9,0,93,0,2016,5
275,1528,10,5608,1,2016,5
275,1529,8,864,0,2016,5
275,1530,8,298,0,2016,5
276,8,0,100,0,2016,5
276,9,0,95,0,2016,5
276,1531,8,3935,1,2016,5
276,1532,8,1848,0,2016,5
276,1533,29,363,0,2016,5
276,1534,8,79,0,2016,5
277,8,0,111,0,2016,5
277,9,0,107,0,2016,5
277,1535,6,6570,1,2016,5
277,1536,10,2337,0,2016,5
277,1537,8,353,0,2016,5
278,8,0,129,0,2016,5
278,9,0,122,0,2016,5
278,1538,8,4956,1,2016,5
278,1539,11,4265,0,2016,5
278,1540,16,432,0,2016,5
279,8,0,1166,0,2016,5
279,9,0,548,0,2016,5
279,1541,2,13117,1,2016,5
279,1542,8,5170,0,2016,5
279,1543,8,3716,0,2016,5
280,8,0,1375,0,2016,5
280,9,0,686,0,2016,5
280,1544,6,23800,1,2016,5
280,1545,5,13079,0,2016,5
280,1546,10,10685,0,2016,5
280,1547,8,1872,0,2016,5
280,1548,8,1451,0,2016,5
281,8,0,257,0,2016,5
281,9,0,233,0,2016,5
281,1549,7,10404,1,2016,5
281,1550,10,7381,0,2016,5
281,1551,16,792,0,2016,5
282,8,0,318,0,2016,5
282,9,0,242,0,2016,5
282,1552,9,7668,1,2016,5
282,1553,8,3925,0,2016,5
282,1554,6,3466,0,2016,5
282,1555,8,334,0,2016,5
283,8,0,85,0,2016,5
283,9,0,72,0,2016,5
283,1556,8,3726,1,2016,5
283,1557,8,3017,0,2016,5
283,1558,7,595,0,2016,5
284,8,0,19,0,2016,5
284,9,0,18,0,2016,5
284,1559,13,1344,1,2016,5
284,1560,8,1158,0,2016,5
284,1561,8,403,0,2016,5
285,8,0,326,0,2016,5
285,9,0,207,0,2016,5
285,29,6,2075,0,2016,5
285,32,8,159,0,2016,5
285,1562,8,15611,1,2016,5
285,1563,8,3730,0,2016,5
285,1564,4,289,0,2016,5
286,8,0,400,0,2016,5
286,9,0,254,0,2016,5
286,1565,8,8393,1,2016,5
286,1566,7,8217,0,2016,5
286,1567,10,5492,0,2016,5
286,1568,8,1110,0,2016,5
286,1569,5,647,0,2016,5
287,8,0,3,0,2016,5
287,9,0,10,0,2016,5
287,1570,8,362,1,2016,5
287,1571,11,76,0,2016,5
287,1572,22,53,0,2016,5
287,1573,8,48,0,2016,5
288,8,0,160,0,2016,5
288,9,0,74,0,2016,5
288,1574,6,4280,1,2016,5
288,1575,2,3362,0,2016,5
289,8,0,301,0,2016,5
289,9,0,276,0,2016,5
289,286,4,434,0,2016,5
289,1576,9,7983,1,2016,5
289,1577,7,6753,0,2016,5
290,8,0,784,0,2016,5
290,9,0,328,0,2016,5
290,1578,8,14281,1,2016,5
290,1579,6,3030,0,2016,5
290,1580,8,1483,0,2016,5
291,8,0,241,0,2016,5
291,9,0,101,0,2016,5
291,1581,7,2934,1,2016,5
291,1582,10,2100,0,2016,5
291,1583,8,394,0,2016,5
291,1584,8,325,0,2016,5
291,1585,8,159,0,2016,5
292,8,0,67,0,2016,5
292,9,0,58,0,2016,5
292,1586,9,2626,1,2016,5
292,1587,8,1043,0,2016,5
293,8,0,662,0,2016,5
293,9,0,315,0,2016,5
293,1588,7,8780,1,2016,5
293,1589,10,8123,0,2016,5
293,1590,25,4965,0,2016,5
293,1591,8,3050,0,2016,5
293,1592,8,759,0,2016,5
294,8,0,80,0,2016,5
294,9,0,35,0,2016,5
294,1593,8,3605,1,2016,5
294,1594,8,2947,0,2016,5
294,1595,4,148,0,2016,5
295,8,0,83,0,2016,5
295,9,0,88,0,2016,5
295,1596,23,2595,1,2016,5
295,1597,9,2173,0,2016,5
295,1598,8,126,0,2016,5
295,1599,17,102,0,2016,5
296,8,0,41,0,2016,5
296,9,0,63,0,2016,5
296,1600,6,2623,1,2016,5
296,1601,9,909,0,2016,5
296,1602,8,595,0,2016,5
296,1603,8,169,0,2016,5
296,1604,12,141,0,2016,5
297,8,0,54,0,2016,5
297,9,0,48,0,2016,5
297,1605,8,1405,1,2016,5
297,1606,9,1060,0,2016,5
297,1607,8,373,0,2016,5
297,1608,8,64,0,2016,5
297,1609,12,17,0,2016,5
298,8,0,567,0,2016,5
298,9,0,255,0,2016,5
298,324,8,4859,0,2016,5
298,1610,8,6948,1,2016,5
298,1611,9,6704,0,2016,5
298,1612,8,3685,0,2016,5
298,1613,8,3360,0,2016,5
299,8,0,60,0,2016,5
299,9,0,57,0,2016,5
299,1614,9,3123,1,2016,5
299,1615,8,1039,0,2016,5
299,1616,6,422,0,2016,5
300,8,0,892,0,2016,5
300,9,0,461,0,2016,5
300,1617,10,15590,1,2016,5
300,1618,6,5386,0,2016,5
300,1619,8,1221,0,2016,5
301,8,0,28,0,2016,5
301,9,0,14,0,2016,5
301,1620,8,1066,1,2016,5
301,1621,8,812,0,2016,5
301,1622,7,767,0,2016,5
301,1623,9,346,0,2016,5
302,8,0,252,0,2016,5
302,9,0,187,0,2016,5
302,252,5,322,0,2016,5
302,1624,8,7469,1,2016,5
302,1625,6,6728,0,2016,5
302,1626,20,2506,0,2016,5
303,8,0,69,0,2016,5
303,9,0,71,0,2016,5
303,1627,9,4046,1,2016,5
303,1628,8,2428,0,2016,5
304,8,0,132,0,2016,5
304,9,0,129,0,2016,5
304,1629,8,7696,1,2016,5
304,1630,10,3948,0,2016,5
304,1631,8,780,0,2016,5
304,1632,8,256,0,2016,5
304,1633,8,171,0,2016,5
305,8,0,98,0,2016,5
305,9,0,71,0,2016,5
305,1634,9,4228,1,2016,5
305,1635,7,2201,0,2016,5
306,8,0,253,0,2016,5
306,9,0,296,0,2016,5
306,1636,11,4919,1,2016,5
307,8,0,2566,0,2016,5
307,9,0,1090,0,2016,5
307,140,5,2561,0,2016,5
307,584,12,1105,0,2016,5
307,585,4,2103,0,2016,5
307,1637,7,29860,1,2016,5
307,1638,11,23041,0,2016,5
307,1639,8,4021,0,2016,5
307,1640,28,1162,0,2016,5
308,8,0,56,0,2016,5
308,9,0,57,0,2016,5
308,1641,8,4099,1,2016,5
308,1642,9,1348,0,2016,5
309,8,0,24,0,2016,5
309,9,0,12,0,2016,5
309,1643,8,635,1,2016,5
309,1644,8,624,0,2016,5
309,1645,5,211,0,2016,5
310,8,0,580,0,2016,5
310,9,0,324,0,2016,5
310,1646,10,11855,1,2016,5
310,1647,6,4387,0,2016,5
310,1648,8,2174,0,2016,5
310,1649,8,1547,0,2016,5
311,8,0,1834,0,2016,5
311,9,0,827,0,2016,5
311,272,9,18340,0,2016,5
311,1650,7,24071,1,2016,5
311,1651,8,5812,0,2016,5
311,1652,8,5682,0,2016,5
312,8,0,1514,0,2016,5
312,9,0,553,0,2016,5
312,1653,6,13147,1,2016,5
312,1654,11,11980,0,2016,5
312,1655,8,6847,0,2016,5
312,1656,16,1352,0,2016,5
313,8,0,58,0,2016,5
313,9,0,29,0,2016,5
313,1657,2,2181,1,2016,5
313,1658,25,1580,0,2016,5
313,1659,8,992,0,2016,5
314,8,0,1922,0,2016,5
314,9,0,1016,0,2016,5
314,1660,7,33510,1,2016,5
314,1661,9,11279,0,2016,5
314,1662,8,7167,0,2016,5
314,1663,16,3764,0,2016,5
314,1664,5,1343,0,2016,5
315,8,0,198,0,2016,5
315,9,0,189,0,2016,5
315,1665,6,7073,1,2016,5
315,1666,10,2784,0,2016,5
315,1667,8,218,0,2016,5
315,1668,8,188,0,2016,5
316,8,0,109,0,2016,5
316,9,0,93,0,2016,5
316,1669,11,3547,1,2016,5
316,1670,8,2244,0,2016,5
316,1671,8,1315,0,2016,5
316,1672,8,284,0,2016,5
316,1673,8,249,0,2016,5
317,8,0,105,0,2016,5
317,9,0,60,0,2016,5
317,1674,8,2748,1,2016,5
317,1675,8,1690,0,2016,5
317,1676,8,1418,0,2016,5
317,1677,16,759,0,2016,5
317,1678,7,400,0,2016,5
318,8,0,108,0,2016,5
318,9,0,63,0,2016,5
318,1679,8,3302,1,2016,5
318,1680,9,2075,0,2016,5
318,1681,8,621,0,2016,5
319,8,0,5,0,2016,5
319,9,0,1,0,2016,5
319,1682,8,339,1,2016,5
319,1683,8,241,0,2016,5
319,1684,11,6,0,2016,5
320,8,0,65,0,2016,5
320,9,0,72,0,2016,5
320,1685,8,2774,1,2016,5
320,1686,11,1203,0,2016,5
320,1687,7,1052,0,2016,5
320,1688,8,93,0,2016,5
321,8,0,97,0,2016,5
321,9,0,48,0,2016,5
321,1689,8,3621,1,2016,5
321,1690,8,1820,0,2016,5
321,1691,5,1581,0,2016,5
321,1692,8,811,0,2016,5
321,1693,11,420,0,2016,5
321,1694,8,95,0,2016,5
321,1695,8,65,0,2016,5
322,8,0,50,0,2016,5
322,9,0,58,0,2016,5
322,378,5,108,0,2016,5
322,1696,6,2856,1,2016,5
322,1697,2,1480,0,2016,5
322,1698,8,476,0,2016,5
322,1699,8,390,0,2016,5
323,8,0,433,0,2016,5
323,9,0,261,0,2016,5
323,1700,8,9114,1,2016,5
323,1701,9,8750,0,2016,5
323,1702,6,2005,0,2016,5
323,1703,8,1541,0,2016,5
324,8,0,8,0,2016,5
324,9,0,5,0,2016,5
324,1704,8,641,1,2016,5
324,1705,8,621,0,2016,5
325,8,0,3,0,2016,5
325,9,0,8,0,2016,5
325,1706,11,184,1,2016,5
325,1707,8,145,0,2016,5
325,1708,6,22,0,2016,5
325,1709,8,21,0,2016,5
326,8,0,98,0,2016,5
326,9,0,95,0,2016,5
326,1710,8,4466,1,2016,5
326,1711,8,2691,0,2016,5
326,1712,7,1565,0,2016,5
327,8,0,22,0,2016,5
327,9,0,23,0,2016,5
327,1713,8,2609,1,2016,5
327,1714,8,2023,0,2016,5
328,8,0,34,0,2016,5
328,9,0,50,0,2016,5
328,1715,7,3664,1,2016,5
328,1716,11,3499,0,2016,5
328,1717,8,209,0,2016,5
329,8,0,1323,0,2016,5
329,9,0,618,0,2016,5
329,1718,8,17863,1,2016,5
329,1719,10,17058,0,2016,5
329,1720,5,2215,0,2016,5
329,1721,13,1872,0,2016,5
330,8,0,226,0,2016,5
330,9,0,171,0,2016,5
330,1722,14,6076,1,2016,5
330,1723,8,5688,0,2016,5
330,1724,7,3022,0,2016,5
330,1725,8,1824,0,2016,5
331,8,0,1376,0,2016,5
331,9,0,618,0,2016,5
331,1726,8,46359,1,2016,5
331,1727,6,19443,0,2016,5
331,1728,8,19318,0,2016,5
331,1729,28,1104,0,2016,5
332,8,0,40,0,2016,5
332,9,0,29,0,2016,5
332,1730,8,2164,1,2016,5
332,1731,11,1578,0,2016,5
333,8,0,265,0,2016,5
333,9,0,176,0,2016,5
333,1732,8,5309,1,2016,5
333,1733,23,5299,0,2016,5
333,1734,8,1189,0,2016,5
334,8,0,107,0,2016,5
334,9,0,94,0,2016,5
334,1735,9,5827,1,2016,5
334,1736,8,5313,0,2016,5
335,8,0,170,0,2016,5
335,9,0,123,0,2016,5
335,1737,11,4732,1,2016,5
335,1738,7,2920,0,2016,5
335,1739,8,2126,0,2016,5
336,8,0,66,0,2016,5
336,9,0,67,0,2016,5
336,1740,11,3007,1,2016,5
336,1741,6,2407,0,2016,5
336,1742,8,1752,0,2016,5
337,8,0,721,0,2016,5
337,9,0,280,0,2016,5
337,1743,8,13590,1,2016,5
337,1744,9,7279,0,2016,5
337,1745,8,5025,0,2016,5
337,1746,8,1598,0,2016,5
337,1747,28,709,0,2016,5
338,8,0,429,0,2016,5
338,9,0,293,0,2016,5
338,1748,7,12036,1,2016,5
338,1749,9,3099,0,2016,5
339,8,0,2416,0,2016,5
339,9,0,1089,0,2016,5
339,1750,6,44799,1,2016,5
339,1751,9,24155,0,2016,5
339,1752,8,3913,0,2016,5
339,1753,28,1885,0,2016,5
340,8,0,514,0,2016,5
340,9,0,317,0,2016,5
340,1754,7,20860,1,2016,5
340,1755,8,14070,0,2016,5
340,1756,11,1822,0,2016,5
340,1757,12,423,0,2016,5
341,8,0,121,0,2016,5
341,9,0,109,0,2016,5
341,1758,8,4140,1,2016,5
341,1759,7,2718,0,2016,5
342,8,0,126,0,2016,5
342,9,0,123,0,2016,5
342,1760,8,4844,1,2016,5
342,1761,8,2717,0,2016,5
342,1762,2,1149,0,2016,5
342,1763,7,599,0,2016,5
342,1764,8,441,0,2016,5
342,1765,8,390,0,2016,5
342,1766,8,258,0,2016,5
342,1767,16,60,0,2016,5
343,8,0,91,0,2016,5
343,9,0,86,0,2016,5
343,1768,10,3458,1,2016,5
343,1769,6,3119,0,2016,5
343,1770,8,321,0,2016,5
343,1771,8,270,0,2016,5
344,8,0,84,0,2016,5
344,9,0,65,0,2016,5
344,1772,8,2046,1,2016,5
344,1773,9,2045,0,2016,5
345,8,0,1,0,2016,5
345,9,0,0,0,2016,5
345,665,9,4,1,2016,5
345,666,8,4,0,2016,5
346,8,0,451,0,2016,5
346,9,0,238,0,2016,5
346,1774,7,7975,1,2016,5
346,1775,8,3511,0,2016,5
346,1776,9,2757,0,2016,5
346,1777,8,1159,0,2016,5
346,1778,8,771,0,2016,5
346,1779,8,636,0,2016,5
