comuna_datachile_id,candidato_id,votos_candidato,partido_id,electo,year,election_id
1,3,247,5,0,2017,1
1,8,36,0,0,2017,1
1,9,24,0,0,2017,1
1,147,338,8,0,2017,1
1,535,12,30,0,2017,1
1,561,405,9,0,2017,1
1,567,1170,8,0,2017,1
1,2550,2974,7,0,2017,1
1,2551,1099,8,0,2017,1
1,2552,24,28,0,2017,1
2,3,116,5,0,2017,1
2,8,24,0,0,2017,1
2,9,17,0,0,2017,1
2,147,62,8,0,2017,1
2,535,8,30,0,2017,1
2,561,222,9,0,2017,1
2,567,571,8,0,2017,1
2,2550,731,7,0,2017,1
2,2551,440,8,0,2017,1
2,2552,12,28,0,2017,1
3,3,53,5,0,2017,1
3,8,68,0,0,2017,1
3,9,38,0,0,2017,1
3,147,52,8,0,2017,1
3,535,32,30,0,2017,1
3,561,80,9,0,2017,1
3,567,419,8,0,2017,1
3,2550,863,7,0,2017,1
3,2551,201,8,0,2017,1
3,2552,10,28,0,2017,1
4,3,123,5,0,2017,1
4,8,15,0,0,2017,1
4,9,24,0,0,2017,1
4,147,68,8,0,2017,1
4,535,6,30,0,2017,1
4,561,104,9,0,2017,1
4,567,476,8,0,2017,1
4,2550,795,7,0,2017,1
4,2551,296,8,0,2017,1
4,2552,15,28,0,2017,1
5,3,1743,5,0,2017,1
5,8,209,0,0,2017,1
5,9,76,0,0,2017,1
5,147,2070,8,0,2017,1
5,535,54,30,0,2017,1
5,561,868,9,0,2017,1
5,567,3629,8,0,2017,1
5,2550,5552,7,0,2017,1
5,2551,4492,8,0,2017,1
5,2552,82,28,0,2017,1
6,3,806,5,0,2017,1
6,8,210,0,0,2017,1
6,9,161,0,0,2017,1
6,147,1103,8,0,2017,1
6,535,61,30,0,2017,1
6,561,1057,9,0,2017,1
6,567,3458,8,0,2017,1
6,2550,5529,7,0,2017,1
6,2551,3008,8,0,2017,1
6,2552,91,28,0,2017,1
7,3,281,5,0,2017,1
7,8,64,0,0,2017,1
7,9,48,0,0,2017,1
7,147,99,8,0,2017,1
7,535,14,30,0,2017,1
7,561,322,9,0,2017,1
7,567,1614,8,0,2017,1
7,2550,1702,7,0,2017,1
7,2551,980,8,0,2017,1
7,2552,37,28,0,2017,1
8,3,1066,5,0,2017,1
8,8,244,0,0,2017,1
8,9,181,0,0,2017,1
8,147,3076,8,0,2017,1
8,535,52,30,0,2017,1
8,561,1218,9,0,2017,1
8,567,3714,8,0,2017,1
8,2550,9302,7,0,2017,1
8,2551,2334,8,0,2017,1
8,2552,111,28,0,2017,1
9,3,7121,5,0,2017,1
9,8,929,0,0,2017,1
9,9,309,0,0,2017,1
9,147,8162,8,0,2017,1
9,535,246,30,0,2017,1
9,561,4108,9,0,2017,1
9,567,24703,8,0,2017,1
9,2550,37566,7,0,2017,1
9,2551,25062,8,0,2017,1
9,2552,403,28,0,2017,1
10,3,95,5,0,2017,1
10,8,26,0,0,2017,1
10,9,25,0,0,2017,1
10,147,127,8,0,2017,1
10,535,5,30,0,2017,1
10,561,198,9,0,2017,1
10,567,424,8,0,2017,1
10,2550,808,7,0,2017,1
10,2551,153,8,0,2017,1
10,2552,11,28,0,2017,1
11,3,819,5,0,2017,1
11,8,160,0,0,2017,1
11,9,146,0,0,2017,1
11,147,2288,8,0,2017,1
11,535,119,30,0,2017,1
11,561,823,9,0,2017,1
11,567,3720,8,0,2017,1
11,2550,4162,7,0,2017,1
11,2551,2035,8,0,2017,1
11,2552,82,28,0,2017,1
12,3,4415,5,0,2017,1
12,8,648,0,0,2017,1
12,9,307,0,0,2017,1
12,147,8010,8,0,2017,1
12,535,290,30,0,2017,1
12,561,2764,9,0,2017,1
12,567,17573,8,0,2017,1
12,2550,20349,7,0,2017,1
12,2551,16537,8,0,2017,1
12,2552,241,28,0,2017,1
13,3,450,5,0,2017,1
13,8,79,0,0,2017,1
13,9,69,0,0,2017,1
13,147,635,8,0,2017,1
13,535,33,30,0,2017,1
13,561,663,9,0,2017,1
13,567,2606,8,0,2017,1
13,2550,2725,7,0,2017,1
13,2551,1485,8,0,2017,1
13,2552,40,28,0,2017,1
14,3,1877,5,0,2017,1
14,8,301,0,0,2017,1
14,9,177,0,0,2017,1
14,147,3886,8,0,2017,1
14,535,94,30,0,2017,1
14,561,1670,9,0,2017,1
14,567,6156,8,0,2017,1
14,2550,11454,7,0,2017,1
14,2551,6056,8,0,2017,1
14,2552,183,28,0,2017,1
15,3,395,5,0,2017,1
15,8,121,0,0,2017,1
15,9,102,0,0,2017,1
15,147,605,8,0,2017,1
15,535,55,30,0,2017,1
15,561,751,9,0,2017,1
15,567,2438,8,0,2017,1
15,2550,4071,7,0,2017,1
15,2551,1081,8,0,2017,1
15,2552,62,28,0,2017,1
16,3,474,5,0,2017,1
16,8,79,0,0,2017,1
16,9,83,0,0,2017,1
16,147,387,8,0,2017,1
16,535,15,30,0,2017,1
16,561,728,9,0,2017,1
16,567,2334,8,0,2017,1
16,2550,2227,7,0,2017,1
16,2551,1944,8,0,2017,1
16,2552,60,28,0,2017,1
17,3,11,5,0,2017,1
17,8,0,0,0,2017,1
17,9,8,0,0,2017,1
17,147,185,8,0,2017,1
17,535,1,30,0,2017,1
17,561,113,9,0,2017,1
17,567,91,8,0,2017,1
17,2550,236,7,0,2017,1
17,2551,131,8,0,2017,1
17,2552,3,28,0,2017,1
18,3,708,5,0,2017,1
18,8,152,0,0,2017,1
18,9,158,0,0,2017,1
18,147,1351,8,0,2017,1
18,535,104,30,0,2017,1
18,561,1041,9,0,2017,1
18,567,2113,8,0,2017,1
18,2550,4133,7,0,2017,1
18,2551,1229,8,0,2017,1
18,2552,52,28,0,2017,1
19,3,3326,5,0,2017,1
19,8,479,0,0,2017,1
19,9,167,0,0,2017,1
19,147,5212,8,0,2017,1
19,535,140,30,0,2017,1
19,561,1943,9,0,2017,1
19,567,11646,8,0,2017,1
19,2550,17373,7,0,2017,1
19,2551,10107,8,0,2017,1
19,2552,227,28,0,2017,1
20,3,634,5,0,2017,1
20,8,171,0,0,2017,1
20,9,226,0,0,2017,1
20,147,953,8,0,2017,1
20,535,57,30,0,2017,1
20,561,780,9,0,2017,1
20,567,2296,8,0,2017,1
20,2550,4603,7,0,2017,1
20,2551,2106,8,0,2017,1
20,2552,66,28,0,2017,1
21,3,401,5,0,2017,1
21,8,48,0,0,2017,1
21,9,30,0,0,2017,1
21,147,233,8,0,2017,1
21,535,14,30,0,2017,1
21,561,202,9,0,2017,1
21,567,1881,8,0,2017,1
21,2550,2157,7,0,2017,1
21,2551,1157,8,0,2017,1
21,2552,30,28,0,2017,1
22,3,1554,5,0,2017,1
22,8,214,0,0,2017,1
22,9,111,0,0,2017,1
22,147,1111,8,0,2017,1
22,535,39,30,0,2017,1
22,561,1083,9,0,2017,1
22,567,4710,8,0,2017,1
22,2550,6909,7,0,2017,1
22,2551,4696,8,0,2017,1
22,2552,98,28,0,2017,1
23,3,678,5,0,2017,1
23,8,126,0,0,2017,1
23,9,77,0,0,2017,1
23,147,907,8,0,2017,1
23,535,27,30,0,2017,1
23,561,622,9,0,2017,1
23,567,2042,8,0,2017,1
23,2550,5247,7,0,2017,1
23,2551,2031,8,0,2017,1
23,2552,55,28,0,2017,1
24,3,308,5,0,2017,1
24,8,51,0,0,2017,1
24,9,26,0,0,2017,1
24,147,267,8,0,2017,1
24,535,17,30,0,2017,1
24,561,275,9,0,2017,1
24,567,1787,8,0,2017,1
24,2550,1917,7,0,2017,1
24,2551,806,8,0,2017,1
24,2552,26,28,0,2017,1
25,3,73,5,0,2017,1
25,8,14,0,0,2017,1
25,9,7,0,0,2017,1
25,147,57,8,0,2017,1
25,535,6,30,0,2017,1
25,561,61,9,0,2017,1
25,567,338,8,0,2017,1
25,2550,350,7,0,2017,1
25,2551,225,8,0,2017,1
25,2552,2,28,0,2017,1
26,3,44,5,0,2017,1
26,8,15,0,0,2017,1
26,9,1,0,0,2017,1
26,147,42,8,0,2017,1
26,535,2,30,0,2017,1
26,561,10,9,0,2017,1
26,567,124,8,0,2017,1
26,2550,445,7,0,2017,1
26,2551,78,8,0,2017,1
26,2552,3,28,0,2017,1
27,3,91,5,0,2017,1
27,8,38,0,0,2017,1
27,9,57,0,0,2017,1
27,147,93,8,0,2017,1
27,535,19,30,0,2017,1
27,561,247,9,0,2017,1
27,567,2115,8,0,2017,1
27,2550,1112,7,0,2017,1
27,2551,298,8,0,2017,1
27,2552,28,28,0,2017,1
28,3,633,5,0,2017,1
28,8,163,0,0,2017,1
28,9,120,0,0,2017,1
28,147,1282,8,0,2017,1
28,535,67,30,0,2017,1
28,561,605,9,0,2017,1
28,567,2975,8,0,2017,1
28,2550,4706,7,0,2017,1
28,2551,1440,8,0,2017,1
28,2552,57,28,0,2017,1
29,3,446,5,0,2017,1
29,8,130,0,0,2017,1
29,9,110,0,0,2017,1
29,147,986,8,0,2017,1
29,535,43,30,0,2017,1
29,561,629,9,0,2017,1
29,567,2681,8,0,2017,1
29,2550,4310,7,0,2017,1
29,2551,869,8,0,2017,1
29,2552,58,28,0,2017,1
30,3,584,5,0,2017,1
30,8,82,0,0,2017,1
30,9,29,0,0,2017,1
30,147,378,8,0,2017,1
30,535,17,30,0,2017,1
30,561,324,9,0,2017,1
30,567,2191,8,0,2017,1
30,2550,3282,7,0,2017,1
30,2551,1488,8,0,2017,1
30,2552,26,28,0,2017,1
31,3,528,5,0,2017,1
31,8,99,0,0,2017,1
31,9,67,0,0,2017,1
31,147,563,8,0,2017,1
31,535,35,30,0,2017,1
31,561,777,9,0,2017,1
31,567,2026,8,0,2017,1
31,2550,3819,7,0,2017,1
31,2551,2286,8,0,2017,1
31,2552,39,28,0,2017,1
32,3,813,5,0,2017,1
32,8,136,0,0,2017,1
32,9,134,0,0,2017,1
32,147,1194,8,0,2017,1
32,535,63,30,0,2017,1
32,561,1039,9,0,2017,1
32,567,4197,8,0,2017,1
32,2550,5116,7,0,2017,1
32,2551,3250,8,0,2017,1
32,2552,120,28,0,2017,1
33,3,351,5,0,2017,1
33,8,52,0,0,2017,1
33,9,60,0,0,2017,1
33,147,225,8,0,2017,1
33,535,18,30,0,2017,1
33,561,275,9,0,2017,1
33,567,1626,8,0,2017,1
33,2550,1874,7,0,2017,1
33,2551,898,8,0,2017,1
33,2552,26,28,0,2017,1
34,3,762,5,0,2017,1
34,8,229,0,0,2017,1
34,9,183,0,0,2017,1
34,147,1262,8,0,2017,1
34,535,62,30,0,2017,1
34,561,1030,9,0,2017,1
34,567,3060,8,0,2017,1
34,2550,8915,7,0,2017,1
34,2551,1630,8,0,2017,1
34,2552,84,28,0,2017,1
35,3,2337,5,0,2017,1
35,8,249,0,0,2017,1
35,9,102,0,0,2017,1
35,147,2145,8,0,2017,1
35,535,78,30,0,2017,1
35,561,1409,9,0,2017,1
35,567,8148,8,0,2017,1
35,2550,10348,7,0,2017,1
35,2551,6984,8,0,2017,1
35,2552,242,28,0,2017,1
36,3,4540,5,0,2017,1
36,8,572,0,0,2017,1
36,9,285,0,0,2017,1
36,147,3688,8,0,2017,1
36,535,164,30,0,2017,1
36,561,1884,9,0,2017,1
36,567,14401,8,0,2017,1
36,2550,13862,7,0,2017,1
36,2551,10652,8,0,2017,1
36,2552,438,28,0,2017,1
37,3,46,5,0,2017,1
37,8,8,0,0,2017,1
37,9,31,0,0,2017,1
37,147,89,8,0,2017,1
37,535,13,30,0,2017,1
37,561,117,9,0,2017,1
37,567,358,8,0,2017,1
37,2550,603,7,0,2017,1
37,2551,166,8,0,2017,1
37,2552,6,28,0,2017,1
38,3,162,5,0,2017,1
38,8,73,0,0,2017,1
38,9,77,0,0,2017,1
38,147,428,8,0,2017,1
38,535,24,30,0,2017,1
38,561,224,9,0,2017,1
38,567,989,8,0,2017,1
38,2550,2114,7,0,2017,1
38,2551,354,8,0,2017,1
38,2552,14,28,0,2017,1
39,3,270,5,0,2017,1
39,8,48,0,0,2017,1
39,9,39,0,0,2017,1
39,147,117,8,0,2017,1
39,535,14,30,0,2017,1
39,561,205,9,0,2017,1
39,567,1540,8,0,2017,1
39,2550,1898,7,0,2017,1
39,2551,899,8,0,2017,1
39,2552,22,28,0,2017,1
40,3,252,5,0,2017,1
40,8,61,0,0,2017,1
40,9,43,0,0,2017,1
40,147,248,8,0,2017,1
40,535,16,30,0,2017,1
40,561,351,9,0,2017,1
40,567,1251,8,0,2017,1
40,2550,2746,7,0,2017,1
40,2551,586,8,0,2017,1
40,2552,14,28,0,2017,1
41,3,2003,5,0,2017,1
41,8,329,0,0,2017,1
41,9,130,0,0,2017,1
41,147,3310,8,0,2017,1
41,535,407,30,0,2017,1
41,561,1888,9,0,2017,1
41,567,7527,8,0,2017,1
41,2550,10215,7,0,2017,1
41,2551,7225,8,0,2017,1
41,2552,169,28,0,2017,1
42,3,68,5,0,2017,1
42,8,21,0,0,2017,1
42,9,66,0,0,2017,1
42,147,96,8,0,2017,1
42,535,17,30,0,2017,1
42,561,191,9,0,2017,1
42,567,723,8,0,2017,1
42,2550,650,7,0,2017,1
42,2551,214,8,0,2017,1
42,2552,15,28,0,2017,1
43,3,3323,5,0,2017,1
43,8,564,0,0,2017,1
43,9,551,0,0,2017,1
43,147,7025,8,0,2017,1
43,535,253,30,0,2017,1
43,561,3879,9,0,2017,1
43,567,19035,8,0,2017,1
43,2550,25681,7,0,2017,1
43,2551,10819,8,0,2017,1
43,2552,313,28,0,2017,1
44,3,573,5,0,2017,1
44,8,108,0,0,2017,1
44,9,64,0,0,2017,1
44,147,1030,8,0,2017,1
44,535,56,30,0,2017,1
44,561,590,9,0,2017,1
44,567,2799,8,0,2017,1
44,2550,3815,7,0,2017,1
44,2551,1457,8,0,2017,1
44,2552,39,28,0,2017,1
45,3,734,5,0,2017,1
45,8,105,0,0,2017,1
45,9,103,0,0,2017,1
45,147,686,8,0,2017,1
45,535,42,30,0,2017,1
45,561,1021,9,0,2017,1
45,567,3707,8,0,2017,1
45,2550,5736,7,0,2017,1
45,2551,2254,8,0,2017,1
45,2552,44,28,0,2017,1
46,3,336,5,0,2017,1
46,8,89,0,0,2017,1
46,9,82,0,0,2017,1
46,147,522,8,0,2017,1
46,535,26,30,0,2017,1
46,561,266,9,0,2017,1
46,567,1142,8,0,2017,1
46,2550,2040,7,0,2017,1
46,2551,571,8,0,2017,1
46,2552,23,28,0,2017,1
47,3,259,5,0,2017,1
47,8,56,0,0,2017,1
47,9,76,0,0,2017,1
47,147,268,8,0,2017,1
47,535,14,30,0,2017,1
47,561,454,9,0,2017,1
47,567,1171,8,0,2017,1
47,2550,2099,7,0,2017,1
47,2551,919,8,0,2017,1
47,2552,32,28,0,2017,1
48,3,57,5,0,2017,1
48,8,15,0,0,2017,1
48,9,31,0,0,2017,1
48,147,134,8,0,2017,1
48,535,4,30,0,2017,1
48,561,123,9,0,2017,1
48,567,391,8,0,2017,1
48,2550,744,7,0,2017,1
48,2551,253,8,0,2017,1
48,2552,12,28,0,2017,1
49,3,67,5,0,2017,1
49,8,21,0,0,2017,1
49,9,19,0,0,2017,1
49,147,90,8,0,2017,1
49,535,13,30,0,2017,1
49,561,115,9,0,2017,1
49,567,783,8,0,2017,1
49,2550,1384,7,0,2017,1
49,2551,255,8,0,2017,1
49,2552,8,28,0,2017,1
50,3,57,5,0,2017,1
50,8,21,0,0,2017,1
50,9,31,0,0,2017,1
50,147,68,8,0,2017,1
50,535,4,30,0,2017,1
50,561,78,9,0,2017,1
50,567,251,8,0,2017,1
50,2550,768,7,0,2017,1
50,2551,194,8,0,2017,1
50,2552,6,28,0,2017,1
51,3,32,5,0,2017,1
51,8,11,0,0,2017,1
51,9,25,0,0,2017,1
51,147,107,8,0,2017,1
51,535,4,30,0,2017,1
51,561,128,9,0,2017,1
51,567,384,8,0,2017,1
51,2550,578,7,0,2017,1
51,2551,105,8,0,2017,1
51,2552,9,28,0,2017,1
52,3,323,5,0,2017,1
52,8,45,0,0,2017,1
52,9,44,0,0,2017,1
52,147,260,8,0,2017,1
52,535,8,30,0,2017,1
52,561,390,9,0,2017,1
52,567,1108,8,0,2017,1
52,2550,1893,7,0,2017,1
52,2551,943,8,0,2017,1
52,2552,25,28,0,2017,1
53,3,379,5,0,2017,1
53,8,100,0,0,2017,1
53,9,81,0,0,2017,1
53,147,665,8,0,2017,1
53,535,66,30,0,2017,1
53,561,476,9,0,2017,1
53,567,1938,8,0,2017,1
53,2550,3008,7,0,2017,1
53,2551,988,8,0,2017,1
53,2552,46,28,0,2017,1
54,3,906,5,0,2017,1
54,8,163,0,0,2017,1
54,9,139,0,0,2017,1
54,147,1759,8,0,2017,1
54,535,59,30,0,2017,1
54,561,1991,9,0,2017,1
54,567,5881,8,0,2017,1
54,2550,6672,7,0,2017,1
54,2551,3412,8,0,2017,1
54,2552,104,28,0,2017,1
55,3,309,5,0,2017,1
55,8,110,0,0,2017,1
55,9,110,0,0,2017,1
55,147,783,8,0,2017,1
55,535,52,30,0,2017,1
55,561,624,9,0,2017,1
55,567,2510,8,0,2017,1
55,2550,4589,7,0,2017,1
55,2551,703,8,0,2017,1
55,2552,46,28,0,2017,1
56,3,149,5,0,2017,1
56,8,29,0,0,2017,1
56,9,37,0,0,2017,1
56,147,137,8,0,2017,1
56,535,5,30,0,2017,1
56,561,161,9,0,2017,1
56,567,713,8,0,2017,1
56,2550,1336,7,0,2017,1
56,2551,545,8,0,2017,1
56,2552,10,28,0,2017,1
57,3,542,5,0,2017,1
57,8,102,0,0,2017,1
57,9,119,0,0,2017,1
57,147,691,8,0,2017,1
57,535,38,30,0,2017,1
57,561,465,9,0,2017,1
57,567,2115,8,0,2017,1
57,2550,3323,7,0,2017,1
57,2551,1190,8,0,2017,1
57,2552,40,28,0,2017,1
58,3,35,5,0,2017,1
58,8,13,0,0,2017,1
58,9,4,0,0,2017,1
58,147,61,8,0,2017,1
58,535,8,30,0,2017,1
58,561,15,9,0,2017,1
58,567,61,8,0,2017,1
58,2550,413,7,0,2017,1
58,2551,35,8,0,2017,1
58,2552,1,28,0,2017,1
59,3,1790,5,0,2017,1
59,8,399,0,0,2017,1
59,9,224,0,0,2017,1
59,147,3032,8,0,2017,1
59,535,134,30,0,2017,1
59,561,1780,9,0,2017,1
59,567,5109,8,0,2017,1
59,2550,19871,7,0,2017,1
59,2551,5093,8,0,2017,1
59,2552,130,28,0,2017,1
60,3,581,5,0,2017,1
60,8,141,0,0,2017,1
60,9,167,0,0,2017,1
60,147,1269,8,0,2017,1
60,535,61,30,0,2017,1
60,561,482,9,0,2017,1
60,567,2299,8,0,2017,1
60,2550,3546,7,0,2017,1
60,2551,875,8,0,2017,1
60,2552,63,28,0,2017,1
61,3,429,5,0,2017,1
61,8,54,0,0,2017,1
61,9,66,0,0,2017,1
61,147,325,8,0,2017,1
61,535,30,30,0,2017,1
61,561,416,9,0,2017,1
61,567,1794,8,0,2017,1
61,2550,2595,7,0,2017,1
61,2551,1017,8,0,2017,1
61,2552,45,28,0,2017,1
62,3,199,5,0,2017,1
62,8,53,0,0,2017,1
62,9,60,0,0,2017,1
62,147,165,8,0,2017,1
62,535,26,30,0,2017,1
62,561,362,9,0,2017,1
62,567,2436,8,0,2017,1
62,2550,1488,7,0,2017,1
62,2551,579,8,0,2017,1
62,2552,41,28,0,2017,1
63,3,818,5,0,2017,1
63,8,182,0,0,2017,1
63,9,89,0,0,2017,1
63,147,2025,8,0,2017,1
63,535,26,30,0,2017,1
63,561,1137,9,0,2017,1
63,567,2982,8,0,2017,1
63,2550,9093,7,0,2017,1
63,2551,4135,8,0,2017,1
63,2552,78,28,0,2017,1
64,3,4550,5,0,2017,1
64,8,836,0,0,2017,1
64,9,367,0,0,2017,1
64,147,9079,8,0,2017,1
64,535,1149,30,0,2017,1
64,561,6726,9,0,2017,1
64,567,18007,8,0,2017,1
64,2550,35395,7,0,2017,1
64,2551,20461,8,0,2017,1
64,2552,465,28,0,2017,1
65,3,4175,5,0,2017,1
65,8,555,0,0,2017,1
65,9,214,0,0,2017,1
65,147,3125,8,0,2017,1
65,535,174,30,0,2017,1
65,561,2594,9,0,2017,1
65,567,14884,8,0,2017,1
65,2550,17226,7,0,2017,1
65,2551,12487,8,0,2017,1
65,2552,344,28,0,2017,1
66,3,1275,5,0,2017,1
66,8,199,0,0,2017,1
66,9,179,0,0,2017,1
66,147,1357,8,0,2017,1
66,535,58,30,0,2017,1
66,561,895,9,0,2017,1
66,567,4648,8,0,2017,1
66,2550,6512,7,0,2017,1
66,2551,2721,8,0,2017,1
66,2552,105,28,0,2017,1
67,3,92,5,0,2017,1
67,8,36,0,0,2017,1
67,9,24,0,0,2017,1
67,147,169,8,0,2017,1
67,535,11,30,0,2017,1
67,561,97,9,0,2017,1
67,567,777,8,0,2017,1
67,2550,1189,7,0,2017,1
67,2551,191,8,0,2017,1
67,2552,9,28,0,2017,1
68,3,2519,5,0,2017,1
68,8,333,0,0,2017,1
68,9,219,0,0,2017,1
68,147,2449,8,0,2017,1
68,535,117,30,0,2017,1
68,561,1790,9,0,2017,1
68,567,11495,8,0,2017,1
68,2550,22297,7,0,2017,1
68,2551,10456,8,0,2017,1
68,2552,223,28,0,2017,1
69,3,3847,5,0,2017,1
69,8,571,0,0,2017,1
69,9,399,0,0,2017,1
69,147,3843,8,0,2017,1
69,535,164,30,0,2017,1
69,561,4004,9,0,2017,1
69,567,14699,8,0,2017,1
69,2550,25794,7,0,2017,1
69,2551,15074,8,0,2017,1
69,2552,324,28,0,2017,1
70,3,2249,5,0,2017,1
70,8,436,0,0,2017,1
70,9,245,0,0,2017,1
70,147,7899,8,0,2017,1
70,535,874,30,0,2017,1
70,561,1557,9,0,2017,1
70,567,10941,8,0,2017,1
70,2550,10540,7,0,2017,1
70,2551,6722,8,0,2017,1
70,2552,233,28,0,2017,1
71,3,87,5,0,2017,1
71,8,24,0,0,2017,1
71,9,25,0,0,2017,1
71,147,137,8,0,2017,1
71,535,11,30,0,2017,1
71,561,184,9,0,2017,1
71,567,984,8,0,2017,1
71,2550,630,7,0,2017,1
71,2551,475,8,0,2017,1
71,2552,16,28,0,2017,1
72,3,259,5,0,2017,1
72,8,94,0,0,2017,1
72,9,83,0,0,2017,1
72,147,727,8,0,2017,1
72,535,21,30,0,2017,1
72,561,565,9,0,2017,1
72,567,1666,8,0,2017,1
72,2550,3343,7,0,2017,1
72,2551,784,8,0,2017,1
72,2552,25,28,0,2017,1
73,3,277,5,0,2017,1
73,8,75,0,0,2017,1
73,9,89,0,0,2017,1
73,147,681,8,0,2017,1
73,535,26,30,0,2017,1
73,561,584,9,0,2017,1
73,567,1353,8,0,2017,1
73,2550,3367,7,0,2017,1
73,2551,681,8,0,2017,1
73,2552,30,28,0,2017,1
74,3,686,5,0,2017,1
74,8,144,0,0,2017,1
74,9,71,0,0,2017,1
74,147,691,8,0,2017,1
74,535,48,30,0,2017,1
74,561,775,9,0,2017,1
74,567,2916,8,0,2017,1
74,2550,4713,7,0,2017,1
74,2551,2341,8,0,2017,1
74,2552,54,28,0,2017,1
75,3,63,5,0,2017,1
75,8,20,0,0,2017,1
75,9,32,0,0,2017,1
75,147,59,8,0,2017,1
75,535,7,30,0,2017,1
75,561,137,9,0,2017,1
75,567,370,8,0,2017,1
75,2550,480,7,0,2017,1
75,2551,198,8,0,2017,1
75,2552,5,28,0,2017,1
76,3,690,5,0,2017,1
76,8,163,0,0,2017,1
76,9,127,0,0,2017,1
76,147,2162,8,0,2017,1
76,535,162,30,0,2017,1
76,561,649,9,0,2017,1
76,567,3984,8,0,2017,1
76,2550,4089,7,0,2017,1
76,2551,1525,8,0,2017,1
76,2552,73,28,0,2017,1
77,3,75,5,0,2017,1
77,8,31,0,0,2017,1
77,9,50,0,0,2017,1
77,147,196,8,0,2017,1
77,535,12,30,0,2017,1
77,561,165,9,0,2017,1
77,567,567,8,0,2017,1
77,2550,1566,7,0,2017,1
77,2551,318,8,0,2017,1
77,2552,10,28,0,2017,1
78,3,187,5,0,2017,1
78,8,66,0,0,2017,1
78,9,89,0,0,2017,1
78,147,161,8,0,2017,1
78,535,16,30,0,2017,1
78,561,423,9,0,2017,1
78,567,1414,8,0,2017,1
78,2550,1690,7,0,2017,1
78,2551,498,8,0,2017,1
78,2552,38,28,0,2017,1
79,3,3306,5,0,2017,1
79,8,620,0,0,2017,1
79,9,346,0,0,2017,1
79,147,4687,8,0,2017,1
79,535,167,30,0,2017,1
79,561,3548,9,0,2017,1
79,567,13184,8,0,2017,1
79,2550,20480,7,0,2017,1
79,2551,10508,8,0,2017,1
79,2552,286,28,0,2017,1
80,3,244,5,0,2017,1
80,8,35,0,0,2017,1
80,9,50,0,0,2017,1
80,147,286,8,0,2017,1
80,535,13,30,0,2017,1
80,561,281,9,0,2017,1
80,567,944,8,0,2017,1
80,2550,1532,7,0,2017,1
80,2551,744,8,0,2017,1
80,2552,13,28,0,2017,1
81,3,274,5,0,2017,1
81,8,47,0,0,2017,1
81,9,31,0,0,2017,1
81,147,163,8,0,2017,1
81,535,17,30,0,2017,1
81,561,237,9,0,2017,1
81,567,1988,8,0,2017,1
81,2550,1176,7,0,2017,1
81,2551,829,8,0,2017,1
81,2552,31,28,0,2017,1
82,3,558,5,0,2017,1
82,8,80,0,0,2017,1
82,9,53,0,0,2017,1
82,147,401,8,0,2017,1
82,535,18,30,0,2017,1
82,561,396,9,0,2017,1
82,567,2097,8,0,2017,1
82,2550,3048,7,0,2017,1
82,2551,1433,8,0,2017,1
82,2552,31,28,0,2017,1
83,3,4793,5,0,2017,1
83,8,550,0,0,2017,1
83,9,305,0,0,2017,1
83,147,4734,8,0,2017,1
83,535,185,30,0,2017,1
83,561,2373,9,0,2017,1
83,567,17550,8,0,2017,1
83,2550,18252,7,0,2017,1
83,2551,13257,8,0,2017,1
83,2552,321,28,0,2017,1
84,3,200,5,0,2017,1
84,8,52,0,0,2017,1
84,9,35,0,0,2017,1
84,147,256,8,0,2017,1
84,535,20,30,0,2017,1
84,561,537,9,0,2017,1
84,567,994,8,0,2017,1
84,2550,3104,7,0,2017,1
84,2551,449,8,0,2017,1
84,2552,17,28,0,2017,1
85,3,802,5,0,2017,1
85,8,154,0,0,2017,1
85,9,122,0,0,2017,1
85,147,763,8,0,2017,1
85,535,37,30,0,2017,1
85,561,700,9,0,2017,1
85,567,3387,8,0,2017,1
85,2550,4786,7,0,2017,1
85,2551,2333,8,0,2017,1
85,2552,67,28,0,2017,1
86,3,361,5,0,2017,1
86,8,54,0,0,2017,1
86,9,20,0,0,2017,1
86,147,260,8,0,2017,1
86,535,11,30,0,2017,1
86,561,327,9,0,2017,1
86,567,1491,8,0,2017,1
86,2550,2356,7,0,2017,1
86,2551,1184,8,0,2017,1
86,2552,19,28,0,2017,1
87,3,289,5,0,2017,1
87,8,26,0,0,2017,1
87,9,6,0,0,2017,1
87,147,251,8,0,2017,1
87,535,7,30,0,2017,1
87,561,218,9,0,2017,1
87,567,1374,8,0,2017,1
87,2550,1908,7,0,2017,1
87,2551,837,8,0,2017,1
87,2552,26,28,0,2017,1
88,3,127,5,0,2017,1
88,8,42,0,0,2017,1
88,9,50,0,0,2017,1
88,147,249,8,0,2017,1
88,535,12,30,0,2017,1
88,561,118,9,0,2017,1
88,567,345,8,0,2017,1
88,2550,1114,7,0,2017,1
88,2551,161,8,0,2017,1
88,2552,12,28,0,2017,1
89,3,134,5,0,2017,1
89,8,46,0,0,2017,1
89,9,34,0,0,2017,1
89,147,325,8,0,2017,1
89,535,51,30,0,2017,1
89,561,133,9,0,2017,1
89,567,742,8,0,2017,1
89,2550,1331,7,0,2017,1
89,2551,221,8,0,2017,1
89,2552,16,28,0,2017,1
90,3,3567,5,0,2017,1
90,8,484,0,0,2017,1
90,9,201,0,0,2017,1
90,147,3166,8,0,2017,1
90,535,126,30,0,2017,1
90,561,2708,9,0,2017,1
90,567,15082,8,0,2017,1
90,2550,16871,7,0,2017,1
90,2551,12606,8,0,2017,1
90,2552,291,28,0,2017,1
91,3,313,5,0,2017,1
91,8,64,0,0,2017,1
91,9,57,0,0,2017,1
91,147,320,8,0,2017,1
91,535,176,30,0,2017,1
91,561,404,9,0,2017,1
91,567,790,8,0,2017,1
91,2550,2096,7,0,2017,1
91,2551,677,8,0,2017,1
91,2552,25,28,0,2017,1
92,3,505,5,0,2017,1
92,8,136,0,0,2017,1
92,9,135,0,0,2017,1
92,147,1044,8,0,2017,1
92,535,42,30,0,2017,1
92,561,798,9,0,2017,1
92,567,1939,8,0,2017,1
92,2550,3597,7,0,2017,1
92,2551,1053,8,0,2017,1
92,2552,57,28,0,2017,1
93,3,83,5,0,2017,1
93,8,19,0,0,2017,1
93,9,21,0,0,2017,1
93,147,44,8,0,2017,1
93,535,11,30,0,2017,1
93,561,127,9,0,2017,1
93,567,1066,8,0,2017,1
93,2550,953,7,0,2017,1
93,2551,325,8,0,2017,1
93,2552,14,28,0,2017,1
94,3,225,5,0,2017,1
94,8,71,0,0,2017,1
94,9,81,0,0,2017,1
94,147,363,8,0,2017,1
94,535,26,30,0,2017,1
94,561,353,9,0,2017,1
94,567,1828,8,0,2017,1
94,2550,2384,7,0,2017,1
94,2551,527,8,0,2017,1
94,2552,23,28,0,2017,1
95,3,351,5,0,2017,1
95,8,69,0,0,2017,1
95,9,72,0,0,2017,1
95,147,936,8,0,2017,1
95,535,29,30,0,2017,1
95,561,403,9,0,2017,1
95,567,2067,8,0,2017,1
95,2550,2610,7,0,2017,1
95,2551,944,8,0,2017,1
95,2552,38,28,0,2017,1
96,3,41,5,0,2017,1
96,8,16,0,0,2017,1
96,9,9,0,0,2017,1
96,147,60,8,0,2017,1
96,535,2,30,0,2017,1
96,561,74,9,0,2017,1
96,567,154,8,0,2017,1
96,2550,461,7,0,2017,1
96,2551,134,8,0,2017,1
96,2552,2,28,0,2017,1
97,3,169,5,0,2017,1
97,8,80,0,0,2017,1
97,9,63,0,0,2017,1
97,147,759,8,0,2017,1
97,535,22,30,0,2017,1
97,561,330,9,0,2017,1
97,567,1423,8,0,2017,1
97,2550,2574,7,0,2017,1
97,2551,615,8,0,2017,1
97,2552,32,28,0,2017,1
98,3,380,5,0,2017,1
98,8,105,0,0,2017,1
98,9,116,0,0,2017,1
98,147,417,8,0,2017,1
98,535,49,30,0,2017,1
98,561,648,9,0,2017,1
98,567,954,8,0,2017,1
98,2550,1979,7,0,2017,1
98,2551,691,8,0,2017,1
98,2552,32,28,0,2017,1
99,3,58,5,0,2017,1
99,8,8,0,0,2017,1
99,9,11,0,0,2017,1
99,147,47,8,0,2017,1
99,535,9,30,0,2017,1
99,561,36,9,0,2017,1
99,567,155,8,0,2017,1
99,2550,190,7,0,2017,1
99,2551,80,8,0,2017,1
99,2552,4,28,0,2017,1
100,3,265,5,0,2017,1
100,8,71,0,0,2017,1
100,9,70,0,0,2017,1
100,147,612,8,0,2017,1
100,535,23,30,0,2017,1
100,561,377,9,0,2017,1
100,567,1234,8,0,2017,1
100,2550,3633,7,0,2017,1
100,2551,549,8,0,2017,1
100,2552,20,28,0,2017,1
101,3,891,5,0,2017,1
101,8,162,0,0,2017,1
101,9,81,0,0,2017,1
101,147,712,8,0,2017,1
101,535,31,30,0,2017,1
101,561,680,9,0,2017,1
101,567,3136,8,0,2017,1
101,2550,4467,7,0,2017,1
101,2551,2560,8,0,2017,1
101,2552,57,28,0,2017,1
102,3,18,5,0,2017,1
102,8,3,0,0,2017,1
102,9,5,0,0,2017,1
102,147,37,8,0,2017,1
102,535,2,30,0,2017,1
102,561,35,9,0,2017,1
102,567,131,8,0,2017,1
102,2550,262,7,0,2017,1
102,2551,81,8,0,2017,1
102,2552,2,28,0,2017,1
103,3,491,5,0,2017,1
103,8,91,0,0,2017,1
103,9,67,0,0,2017,1
103,147,333,8,0,2017,1
103,535,14,30,0,2017,1
103,561,389,9,0,2017,1
103,567,1262,8,0,2017,1
103,2550,2748,7,0,2017,1
103,2551,1251,8,0,2017,1
103,2552,39,28,0,2017,1
104,3,130,5,0,2017,1
104,8,43,0,0,2017,1
104,9,92,0,0,2017,1
104,147,180,8,0,2017,1
104,535,18,30,0,2017,1
104,561,224,9,0,2017,1
104,567,714,8,0,2017,1
104,2550,1521,7,0,2017,1
104,2551,545,8,0,2017,1
104,2552,12,28,0,2017,1
105,3,198,5,0,2017,1
105,8,48,0,0,2017,1
105,9,63,0,0,2017,1
105,147,247,8,0,2017,1
105,535,23,30,0,2017,1
105,561,482,9,0,2017,1
105,567,1386,8,0,2017,1
105,2550,1766,7,0,2017,1
105,2551,497,8,0,2017,1
105,2552,22,28,0,2017,1
106,3,2515,5,0,2017,1
106,8,381,0,0,2017,1
106,9,159,0,0,2017,1
106,147,4416,8,0,2017,1
106,535,461,30,0,2017,1
106,561,1964,9,0,2017,1
106,567,8344,8,0,2017,1
106,2550,10822,7,0,2017,1
106,2551,8804,8,0,2017,1
106,2552,193,28,0,2017,1
107,3,666,5,0,2017,1
107,8,133,0,0,2017,1
107,9,127,0,0,2017,1
107,147,960,8,0,2017,1
107,535,351,30,0,2017,1
107,561,551,9,0,2017,1
107,567,1801,8,0,2017,1
107,2550,2913,7,0,2017,1
107,2551,1532,8,0,2017,1
107,2552,52,28,0,2017,1
108,3,111,5,0,2017,1
108,8,20,0,0,2017,1
108,9,12,0,0,2017,1
108,147,73,8,0,2017,1
108,535,5,30,0,2017,1
108,561,48,9,0,2017,1
108,567,404,8,0,2017,1
108,2550,701,7,0,2017,1
108,2551,190,8,0,2017,1
108,2552,7,28,0,2017,1
109,3,143,5,0,2017,1
109,8,29,0,0,2017,1
109,9,37,0,0,2017,1
109,147,151,8,0,2017,1
109,535,16,30,0,2017,1
109,561,153,9,0,2017,1
109,567,1196,8,0,2017,1
109,2550,1254,7,0,2017,1
109,2551,608,8,0,2017,1
109,2552,14,28,0,2017,1
110,3,2580,5,0,2017,1
110,8,432,0,0,2017,1
110,9,198,0,0,2017,1
110,147,2136,8,0,2017,1
110,535,102,30,0,2017,1
110,561,1976,9,0,2017,1
110,567,8571,8,0,2017,1
110,2550,11956,7,0,2017,1
110,2551,7481,8,0,2017,1
110,2552,223,28,0,2017,1
111,3,597,5,0,2017,1
111,8,90,0,0,2017,1
111,9,81,0,0,2017,1
111,147,453,8,0,2017,1
111,535,56,30,0,2017,1
111,561,725,9,0,2017,1
111,567,4528,8,0,2017,1
111,2550,3628,7,0,2017,1
111,2551,1863,8,0,2017,1
111,2552,77,28,0,2017,1
112,3,1963,5,0,2017,1
112,8,290,0,0,2017,1
112,9,122,0,0,2017,1
112,147,1771,8,0,2017,1
112,535,104,30,0,2017,1
112,561,1521,9,0,2017,1
112,567,8727,8,0,2017,1
112,2550,11929,7,0,2017,1
112,2551,7298,8,0,2017,1
112,2552,225,28,0,2017,1
113,3,3859,5,0,2017,1
113,8,458,0,0,2017,1
113,9,212,0,0,2017,1
113,147,6037,8,0,2017,1
113,535,156,30,0,2017,1
113,561,2132,9,0,2017,1
113,567,14601,8,0,2017,1
113,2550,25373,7,0,2017,1
113,2551,14718,8,0,2017,1
113,2552,301,28,0,2017,1
114,3,827,5,0,2017,1
114,8,122,0,0,2017,1
114,9,95,0,0,2017,1
114,147,1034,8,0,2017,1
114,535,39,30,0,2017,1
114,561,860,9,0,2017,1
114,567,2736,8,0,2017,1
114,2550,4877,7,0,2017,1
114,2551,2175,8,0,2017,1
114,2552,68,28,0,2017,1
115,3,189,5,0,2017,1
115,8,20,0,0,2017,1
115,9,30,0,0,2017,1
115,147,94,8,0,2017,1
115,535,15,30,0,2017,1
115,561,168,9,0,2017,1
115,567,307,8,0,2017,1
115,2550,555,7,0,2017,1
115,2551,597,8,0,2017,1
115,2552,6,28,0,2017,1
116,3,12,5,0,2017,1
116,8,2,0,0,2017,1
116,9,4,0,0,2017,1
116,147,14,8,0,2017,1
116,535,1,30,0,2017,1
116,561,15,9,0,2017,1
116,567,48,8,0,2017,1
116,2550,120,7,0,2017,1
116,2551,88,8,0,2017,1
116,2552,3,28,0,2017,1
117,3,2176,5,0,2017,1
117,8,360,0,0,2017,1
117,9,101,0,0,2017,1
117,147,2418,8,0,2017,1
117,535,83,30,0,2017,1
117,561,1994,9,0,2017,1
117,567,9916,8,0,2017,1
117,2550,14711,7,0,2017,1
117,2551,9231,8,0,2017,1
117,2552,211,28,0,2017,1
118,3,403,5,0,2017,1
118,8,90,0,0,2017,1
118,9,33,0,0,2017,1
118,147,503,8,0,2017,1
118,535,19,30,0,2017,1
118,561,409,9,0,2017,1
118,567,1376,8,0,2017,1
118,2550,3287,7,0,2017,1
118,2551,1543,8,0,2017,1
118,2552,28,28,0,2017,1
119,3,59,5,0,2017,1
119,8,12,0,0,2017,1
119,9,11,0,0,2017,1
119,147,56,8,0,2017,1
119,535,8,30,0,2017,1
119,561,166,9,0,2017,1
119,567,370,8,0,2017,1
119,2550,750,7,0,2017,1
119,2551,219,8,0,2017,1
119,2552,8,28,0,2017,1
120,3,9492,5,0,2017,1
120,8,1330,0,0,2017,1
120,9,498,0,0,2017,1
120,147,8944,8,0,2017,1
120,535,301,30,0,2017,1
120,561,8314,9,0,2017,1
120,567,34889,8,0,2017,1
120,2550,49073,7,0,2017,1
120,2551,41698,8,0,2017,1
120,2552,850,28,0,2017,1
121,3,3714,5,0,2017,1
121,8,377,0,0,2017,1
121,9,191,0,0,2017,1
121,147,3086,8,0,2017,1
121,535,121,30,0,2017,1
121,561,2387,9,0,2017,1
121,567,12313,8,0,2017,1
121,2550,11860,7,0,2017,1
121,2551,11465,8,0,2017,1
121,2552,270,28,0,2017,1
122,3,80,5,0,2017,1
122,8,30,0,0,2017,1
122,9,28,0,0,2017,1
122,147,21,8,0,2017,1
122,535,8,30,0,2017,1
122,561,98,9,0,2017,1
122,567,475,8,0,2017,1
122,2550,843,7,0,2017,1
122,2551,227,8,0,2017,1
122,2552,12,28,0,2017,1
123,3,779,5,0,2017,1
123,8,101,0,0,2017,1
123,9,91,0,0,2017,1
123,147,636,8,0,2017,1
123,535,31,30,0,2017,1
123,561,770,9,0,2017,1
123,567,4050,8,0,2017,1
123,2550,5354,7,0,2017,1
123,2551,2885,8,0,2017,1
123,2552,68,28,0,2017,1
124,3,5204,5,0,2017,1
124,8,611,0,0,2017,1
124,9,344,0,0,2017,1
124,147,4628,8,0,2017,1
124,535,227,30,0,2017,1
124,561,2071,9,0,2017,1
124,567,14048,8,0,2017,1
124,2550,11471,7,0,2017,1
124,2551,11826,8,0,2017,1
124,2552,321,28,0,2017,1
125,3,1706,5,0,2017,1
125,8,634,0,0,2017,1
125,9,256,0,0,2017,1
125,147,3554,8,0,2017,1
125,535,48,30,0,2017,1
125,561,5131,9,0,2017,1
125,567,8816,8,0,2017,1
125,2550,23869,7,0,2017,1
125,2551,10398,8,0,2017,1
125,2552,248,28,0,2017,1
126,3,3420,5,0,2017,1
126,8,640,0,0,2017,1
126,9,330,0,0,2017,1
126,147,3909,8,0,2017,1
126,535,145,30,0,2017,1
126,561,4135,9,0,2017,1
126,567,17288,8,0,2017,1
126,2550,30538,7,0,2017,1
126,2551,15661,8,0,2017,1
126,2552,306,28,0,2017,1
127,3,689,5,0,2017,1
127,8,150,0,0,2017,1
127,9,98,0,0,2017,1
127,147,1701,8,0,2017,1
127,535,43,30,0,2017,1
127,561,1093,9,0,2017,1
127,567,3798,8,0,2017,1
127,2550,6360,7,0,2017,1
127,2551,2070,8,0,2017,1
127,2552,69,28,0,2017,1
128,3,184,5,0,2017,1
128,8,69,0,0,2017,1
128,9,63,0,0,2017,1
128,147,349,8,0,2017,1
128,535,21,30,0,2017,1
128,561,301,9,0,2017,1
128,567,725,8,0,2017,1
128,2550,1900,7,0,2017,1
128,2551,420,8,0,2017,1
128,2552,32,28,0,2017,1
129,3,2,5,0,2017,1
129,8,4,0,0,2017,1
129,9,8,0,0,2017,1
129,147,25,8,0,2017,1
129,535,0,30,0,2017,1
129,561,25,9,0,2017,1
129,567,126,8,0,2017,1
129,2550,238,7,0,2017,1
129,2551,24,8,0,2017,1
129,2552,1,28,0,2017,1
130,3,18,5,0,2017,1
130,8,1,0,0,2017,1
130,9,1,0,0,2017,1
130,147,43,8,0,2017,1
130,535,0,30,0,2017,1
130,561,51,9,0,2017,1
130,567,64,8,0,2017,1
130,2550,104,7,0,2017,1
130,2551,31,8,0,2017,1
130,2552,0,28,0,2017,1
131,3,594,5,0,2017,1
131,8,123,0,0,2017,1
131,9,108,0,0,2017,1
131,147,1049,8,0,2017,1
131,535,80,30,0,2017,1
131,561,516,9,0,2017,1
131,567,1722,8,0,2017,1
131,2550,4030,7,0,2017,1
131,2551,1070,8,0,2017,1
131,2552,52,28,0,2017,1
132,3,333,5,0,2017,1
132,8,70,0,0,2017,1
132,9,68,0,0,2017,1
132,147,468,8,0,2017,1
132,535,33,30,0,2017,1
132,561,407,9,0,2017,1
132,567,2027,8,0,2017,1
132,2550,3001,7,0,2017,1
132,2551,822,8,0,2017,1
132,2552,34,28,0,2017,1
133,3,459,5,0,2017,1
133,8,96,0,0,2017,1
133,9,112,0,0,2017,1
133,147,420,8,0,2017,1
133,535,33,30,0,2017,1
133,561,583,9,0,2017,1
133,567,2140,8,0,2017,1
133,2550,3332,7,0,2017,1
133,2551,1377,8,0,2017,1
133,2552,40,28,0,2017,1
134,3,2612,5,0,2017,1
134,8,1584,0,0,2017,1
134,9,638,0,0,2017,1
134,147,13062,8,0,2017,1
134,535,86,30,0,2017,1
134,561,11928,9,0,2017,1
134,567,11042,8,0,2017,1
134,2550,100652,7,0,2017,1
134,2551,14178,8,0,2017,1
134,2552,346,28,0,2017,1
135,3,751,5,0,2017,1
135,8,172,0,0,2017,1
135,9,156,0,0,2017,1
135,147,1975,8,0,2017,1
135,535,43,30,0,2017,1
135,561,1459,9,0,2017,1
135,567,2672,8,0,2017,1
135,2550,5968,7,0,2017,1
135,2551,1445,8,0,2017,1
135,2552,59,28,0,2017,1
136,3,801,5,0,2017,1
136,8,147,0,0,2017,1
136,9,117,0,0,2017,1
136,147,1540,8,0,2017,1
136,535,113,30,0,2017,1
136,561,506,9,0,2017,1
136,567,2981,8,0,2017,1
136,2550,2275,7,0,2017,1
136,2551,1233,8,0,2017,1
136,2552,62,28,0,2017,1
137,3,169,5,0,2017,1
137,8,42,0,0,2017,1
137,9,44,0,0,2017,1
137,147,199,8,0,2017,1
137,535,10,30,0,2017,1
137,561,236,9,0,2017,1
137,567,972,8,0,2017,1
137,2550,1207,7,0,2017,1
137,2551,400,8,0,2017,1
137,2552,19,28,0,2017,1
138,3,774,5,0,2017,1
138,8,169,0,0,2017,1
138,9,107,0,0,2017,1
138,147,1347,8,0,2017,1
138,535,32,30,0,2017,1
138,561,788,9,0,2017,1
138,567,3563,8,0,2017,1
138,2550,6515,7,0,2017,1
138,2551,4042,8,0,2017,1
138,2552,71,28,0,2017,1
139,3,1852,5,0,2017,1
139,8,327,0,0,2017,1
139,9,210,0,0,2017,1
139,147,3438,8,0,2017,1
139,535,78,30,0,2017,1
139,561,2258,9,0,2017,1
139,567,7366,8,0,2017,1
139,2550,14319,7,0,2017,1
139,2551,5784,8,0,2017,1
139,2552,134,28,0,2017,1
140,3,108,5,0,2017,1
140,8,28,0,0,2017,1
140,9,32,0,0,2017,1
140,147,77,8,0,2017,1
140,535,9,30,0,2017,1
140,561,243,9,0,2017,1
140,567,712,8,0,2017,1
140,2550,1239,7,0,2017,1
140,2551,354,8,0,2017,1
140,2552,15,28,0,2017,1
141,3,463,5,0,2017,1
141,8,61,0,0,2017,1
141,9,81,0,0,2017,1
141,147,1145,8,0,2017,1
141,535,23,30,0,2017,1
141,561,534,9,0,2017,1
141,567,2287,8,0,2017,1
141,2550,1969,7,0,2017,1
141,2551,989,8,0,2017,1
141,2552,39,28,0,2017,1
142,3,651,5,0,2017,1
142,8,87,0,0,2017,1
142,9,92,0,0,2017,1
142,147,431,8,0,2017,1
142,535,25,30,0,2017,1
142,561,703,9,0,2017,1
142,567,2404,8,0,2017,1
142,2550,2922,7,0,2017,1
142,2551,2258,8,0,2017,1
142,2552,58,28,0,2017,1
143,3,963,5,0,2017,1
143,8,374,0,0,2017,1
143,9,180,0,0,2017,1
143,147,3649,8,0,2017,1
143,535,32,30,0,2017,1
143,561,2031,9,0,2017,1
143,567,2789,8,0,2017,1
143,2550,33344,7,0,2017,1
143,2551,3177,8,0,2017,1
143,2552,87,28,0,2017,1
144,3,3436,5,0,2017,1
144,8,389,0,0,2017,1
144,9,257,0,0,2017,1
144,147,2720,8,0,2017,1
144,535,113,30,0,2017,1
144,561,1597,9,0,2017,1
144,567,11960,8,0,2017,1
144,2550,9388,7,0,2017,1
144,2551,9482,8,0,2017,1
144,2552,263,28,0,2017,1
145,3,3502,5,0,2017,1
145,8,497,0,0,2017,1
145,9,204,0,0,2017,1
145,147,2512,8,0,2017,1
145,535,126,30,0,2017,1
145,561,1898,9,0,2017,1
145,567,11954,8,0,2017,1
145,2550,12156,7,0,2017,1
145,2551,9874,8,0,2017,1
145,2552,260,28,0,2017,1
146,3,97,5,0,2017,1
146,8,24,0,0,2017,1
146,9,34,0,0,2017,1
146,147,159,8,0,2017,1
146,535,6,30,0,2017,1
146,561,263,9,0,2017,1
146,567,740,8,0,2017,1
146,2550,1235,7,0,2017,1
146,2551,380,8,0,2017,1
146,2552,14,28,0,2017,1
147,3,552,5,0,2017,1
147,8,104,0,0,2017,1
147,9,68,0,0,2017,1
147,147,865,8,0,2017,1
147,535,31,30,0,2017,1
147,561,586,9,0,2017,1
147,567,2313,8,0,2017,1
147,2550,4011,7,0,2017,1
147,2551,963,8,0,2017,1
147,2552,46,28,0,2017,1
148,3,556,5,0,2017,1
148,8,111,0,0,2017,1
148,9,133,0,0,2017,1
148,147,900,8,0,2017,1
148,535,34,30,0,2017,1
148,561,666,9,0,2017,1
148,567,2467,8,0,2017,1
148,2550,4978,7,0,2017,1
148,2551,1069,8,0,2017,1
148,2552,51,28,0,2017,1
149,3,133,5,0,2017,1
149,8,79,0,0,2017,1
149,9,100,0,0,2017,1
149,147,180,8,0,2017,1
149,535,11,30,0,2017,1
149,561,338,9,0,2017,1
149,567,844,8,0,2017,1
149,2550,2247,7,0,2017,1
149,2551,502,8,0,2017,1
149,2552,20,28,0,2017,1
150,3,391,5,0,2017,1
150,8,118,0,0,2017,1
150,9,82,0,0,2017,1
150,147,1135,8,0,2017,1
150,535,46,30,0,2017,1
150,561,346,9,0,2017,1
150,567,2452,8,0,2017,1
150,2550,2765,7,0,2017,1
150,2551,719,8,0,2017,1
150,2552,42,28,0,2017,1
151,3,1293,5,0,2017,1
151,8,237,0,0,2017,1
151,9,97,0,0,2017,1
151,147,1737,8,0,2017,1
151,535,67,30,0,2017,1
151,561,1361,9,0,2017,1
151,567,6574,8,0,2017,1
151,2550,9569,7,0,2017,1
151,2551,5281,8,0,2017,1
151,2552,122,28,0,2017,1
152,3,3157,5,0,2017,1
152,8,679,0,0,2017,1
152,9,513,0,0,2017,1
152,147,6707,8,0,2017,1
152,535,263,30,0,2017,1
152,561,3684,9,0,2017,1
152,567,10972,8,0,2017,1
152,2550,32978,7,0,2017,1
152,2551,7270,8,0,2017,1
152,2552,216,28,0,2017,1
153,3,427,5,0,2017,1
153,8,85,0,0,2017,1
153,9,100,0,0,2017,1
153,147,914,8,0,2017,1
153,535,30,30,0,2017,1
153,561,494,9,0,2017,1
153,567,2082,8,0,2017,1
153,2550,2917,7,0,2017,1
153,2551,1000,8,0,2017,1
153,2552,56,28,0,2017,1
154,3,332,5,0,2017,1
154,8,77,0,0,2017,1
154,9,148,0,0,2017,1
154,147,735,8,0,2017,1
154,535,29,30,0,2017,1
154,561,388,9,0,2017,1
154,567,1408,8,0,2017,1
154,2550,3271,7,0,2017,1
154,2551,635,8,0,2017,1
154,2552,30,28,0,2017,1
155,3,127,5,0,2017,1
155,8,47,0,0,2017,1
155,9,36,0,0,2017,1
155,147,245,8,0,2017,1
155,535,25,30,0,2017,1
155,561,228,9,0,2017,1
155,567,772,8,0,2017,1
155,2550,1897,7,0,2017,1
155,2551,220,8,0,2017,1
155,2552,9,28,0,2017,1
156,3,458,5,0,2017,1
156,8,55,0,0,2017,1
156,9,62,0,0,2017,1
156,147,290,8,0,2017,1
156,535,29,30,0,2017,1
156,561,398,9,0,2017,1
156,567,2654,8,0,2017,1
156,2550,2324,7,0,2017,1
156,2551,1426,8,0,2017,1
156,2552,51,28,0,2017,1
157,3,1377,5,0,2017,1
157,8,330,0,0,2017,1
157,9,173,0,0,2017,1
157,147,4701,8,0,2017,1
157,535,281,30,0,2017,1
157,561,972,9,0,2017,1
157,567,7015,8,0,2017,1
157,2550,5791,7,0,2017,1
157,2551,2950,8,0,2017,1
157,2552,125,28,0,2017,1
158,3,170,5,0,2017,1
158,8,43,0,0,2017,1
158,9,54,0,0,2017,1
158,147,177,8,0,2017,1
158,535,29,30,0,2017,1
158,561,138,9,0,2017,1
158,567,1445,8,0,2017,1
158,2550,2044,7,0,2017,1
158,2551,244,8,0,2017,1
158,2552,19,28,0,2017,1
159,3,997,5,0,2017,1
159,8,160,0,0,2017,1
159,9,98,0,0,2017,1
159,147,1117,8,0,2017,1
159,535,28,30,0,2017,1
159,561,911,9,0,2017,1
159,567,3633,8,0,2017,1
159,2550,7172,7,0,2017,1
159,2551,3118,8,0,2017,1
159,2552,52,28,0,2017,1
160,3,2872,5,0,2017,1
160,8,397,0,0,2017,1
160,9,179,0,0,2017,1
160,147,2738,8,0,2017,1
160,535,105,30,0,2017,1
160,561,3086,9,0,2017,1
160,567,11705,8,0,2017,1
160,2550,16815,7,0,2017,1
160,2551,12726,8,0,2017,1
160,2552,285,28,0,2017,1
161,3,196,5,0,2017,1
161,8,29,0,0,2017,1
161,9,20,0,0,2017,1
161,147,298,8,0,2017,1
161,535,11,30,0,2017,1
161,561,201,9,0,2017,1
161,567,709,8,0,2017,1
161,2550,1235,7,0,2017,1
161,2551,393,8,0,2017,1
161,2552,17,28,0,2017,1
162,3,13686,5,0,2017,1
162,8,1792,0,0,2017,1
162,9,460,0,0,2017,1
162,147,11957,8,0,2017,1
162,535,318,30,0,2017,1
162,561,8700,9,0,2017,1
162,567,41614,8,0,2017,1
162,2550,56963,7,0,2017,1
162,2551,55269,8,0,2017,1
162,2552,1119,28,0,2017,1
163,3,346,5,0,2017,1
163,8,73,0,0,2017,1
163,9,46,0,0,2017,1
163,147,271,8,0,2017,1
163,535,20,30,0,2017,1
163,561,310,9,0,2017,1
163,567,1312,8,0,2017,1
163,2550,2652,7,0,2017,1
163,2551,802,8,0,2017,1
163,2552,30,28,0,2017,1
164,3,137,5,0,2017,1
164,8,37,0,0,2017,1
164,9,31,0,0,2017,1
164,147,121,8,0,2017,1
164,535,9,30,0,2017,1
164,561,331,9,0,2017,1
164,567,656,8,0,2017,1
164,2550,1159,7,0,2017,1
164,2551,536,8,0,2017,1
164,2552,12,28,0,2017,1
165,3,132,5,0,2017,1
165,8,8,0,0,2017,1
165,9,8,0,0,2017,1
165,147,83,8,0,2017,1
165,535,4,30,0,2017,1
165,561,51,9,0,2017,1
165,567,405,8,0,2017,1
165,2550,530,7,0,2017,1
165,2551,397,8,0,2017,1
165,2552,7,28,0,2017,1
166,3,274,5,0,2017,1
166,8,33,0,0,2017,1
166,9,40,0,0,2017,1
166,147,240,8,0,2017,1
166,535,14,30,0,2017,1
166,561,322,9,0,2017,1
166,567,1404,8,0,2017,1
166,2550,1728,7,0,2017,1
166,2551,789,8,0,2017,1
166,2552,25,28,0,2017,1
167,3,470,5,0,2017,1
167,8,86,0,0,2017,1
167,9,85,0,0,2017,1
167,147,716,8,0,2017,1
167,535,23,30,0,2017,1
167,561,610,9,0,2017,1
167,567,2115,8,0,2017,1
167,2550,2645,7,0,2017,1
167,2551,1118,8,0,2017,1
167,2552,34,28,0,2017,1
168,3,726,5,0,2017,1
168,8,102,0,0,2017,1
168,9,91,0,0,2017,1
168,147,854,8,0,2017,1
168,535,40,30,0,2017,1
168,561,731,9,0,2017,1
168,567,2359,8,0,2017,1
168,2550,3570,7,0,2017,1
168,2551,1302,8,0,2017,1
168,2552,47,28,0,2017,1
169,3,250,5,0,2017,1
169,8,66,0,0,2017,1
169,9,109,0,0,2017,1
169,147,504,8,0,2017,1
169,535,22,30,0,2017,1
169,561,673,9,0,2017,1
169,567,1118,8,0,2017,1
169,2550,2427,7,0,2017,1
169,2551,712,8,0,2017,1
169,2552,29,28,0,2017,1
170,3,246,5,0,2017,1
170,8,45,0,0,2017,1
170,9,18,0,0,2017,1
170,147,219,8,0,2017,1
170,535,13,30,0,2017,1
170,561,113,9,0,2017,1
170,567,1075,8,0,2017,1
170,2550,1042,7,0,2017,1
170,2551,900,8,0,2017,1
170,2552,8,28,0,2017,1
171,3,49,5,0,2017,1
171,8,31,0,0,2017,1
171,9,41,0,0,2017,1
171,147,176,8,0,2017,1
171,535,7,30,0,2017,1
171,561,170,9,0,2017,1
171,567,418,8,0,2017,1
171,2550,1426,7,0,2017,1
171,2551,266,8,0,2017,1
171,2552,12,28,0,2017,1
172,3,2339,5,0,2017,1
172,8,344,0,0,2017,1
172,9,279,0,0,2017,1
172,147,2516,8,0,2017,1
172,535,101,30,0,2017,1
172,561,2629,9,0,2017,1
172,567,10013,8,0,2017,1
172,2550,15513,7,0,2017,1
172,2551,7805,8,0,2017,1
172,2552,182,28,0,2017,1
173,3,1107,5,0,2017,1
173,8,178,0,0,2017,1
173,9,113,0,0,2017,1
173,147,1250,8,0,2017,1
173,535,65,30,0,2017,1
173,561,1162,9,0,2017,1
173,567,5775,8,0,2017,1
173,2550,5982,7,0,2017,1
173,2551,2886,8,0,2017,1
173,2552,90,28,0,2017,1
174,3,586,5,0,2017,1
174,8,120,0,0,2017,1
174,9,166,0,0,2017,1
174,147,377,8,0,2017,1
174,535,59,30,0,2017,1
174,561,1526,9,0,2017,1
174,567,3442,8,0,2017,1
174,2550,3259,7,0,2017,1
174,2551,1381,8,0,2017,1
174,2552,81,28,0,2017,1
175,3,675,5,0,2017,1
175,8,105,0,0,2017,1
175,9,83,0,0,2017,1
175,147,528,8,0,2017,1
175,535,26,30,0,2017,1
175,561,615,9,0,2017,1
175,567,2276,8,0,2017,1
175,2550,3654,7,0,2017,1
175,2551,1689,8,0,2017,1
175,2552,44,28,0,2017,1
176,3,673,5,0,2017,1
176,8,178,0,0,2017,1
176,9,148,0,0,2017,1
176,147,915,8,0,2017,1
176,535,65,30,0,2017,1
176,561,1039,9,0,2017,1
176,567,2991,8,0,2017,1
176,2550,4359,7,0,2017,1
176,2551,1225,8,0,2017,1
176,2552,56,28,0,2017,1
177,3,515,5,0,2017,1
177,8,118,0,0,2017,1
177,9,102,0,0,2017,1
177,147,1439,8,0,2017,1
177,535,61,30,0,2017,1
177,561,649,9,0,2017,1
177,567,2073,8,0,2017,1
177,2550,4589,7,0,2017,1
177,2551,1087,8,0,2017,1
177,2552,53,28,0,2017,1
178,3,252,5,0,2017,1
178,8,52,0,0,2017,1
178,9,40,0,0,2017,1
178,147,362,8,0,2017,1
178,535,16,30,0,2017,1
178,561,510,9,0,2017,1
178,567,2031,8,0,2017,1
178,2550,2664,7,0,2017,1
178,2551,1087,8,0,2017,1
178,2552,31,28,0,2017,1
179,3,411,5,0,2017,1
179,8,68,0,0,2017,1
179,9,56,0,0,2017,1
179,147,601,8,0,2017,1
179,535,21,30,0,2017,1
179,561,1043,9,0,2017,1
179,567,2053,8,0,2017,1
179,2550,1970,7,0,2017,1
179,2551,1323,8,0,2017,1
179,2552,43,28,0,2017,1
180,3,139,5,0,2017,1
180,8,37,0,0,2017,1
180,9,38,0,0,2017,1
180,147,111,8,0,2017,1
180,535,13,30,0,2017,1
180,561,243,9,0,2017,1
180,567,801,8,0,2017,1
180,2550,999,7,0,2017,1
180,2551,435,8,0,2017,1
180,2552,26,28,0,2017,1
181,3,232,5,0,2017,1
181,8,60,0,0,2017,1
181,9,47,0,0,2017,1
181,147,337,8,0,2017,1
181,535,17,30,0,2017,1
181,561,230,9,0,2017,1
181,567,810,8,0,2017,1
181,2550,2223,7,0,2017,1
181,2551,269,8,0,2017,1
181,2552,23,28,0,2017,1
182,3,71,5,0,2017,1
182,8,28,0,0,2017,1
182,9,22,0,0,2017,1
182,147,146,8,0,2017,1
182,535,10,30,0,2017,1
182,561,255,9,0,2017,1
182,567,561,8,0,2017,1
182,2550,1537,7,0,2017,1
182,2551,199,8,0,2017,1
182,2552,11,28,0,2017,1
183,3,645,5,0,2017,1
183,8,77,0,0,2017,1
183,9,59,0,0,2017,1
183,147,381,8,0,2017,1
183,535,19,30,0,2017,1
183,561,532,9,0,2017,1
183,567,2493,8,0,2017,1
183,2550,2934,7,0,2017,1
183,2551,1869,8,0,2017,1
183,2552,38,28,0,2017,1
184,3,798,5,0,2017,1
184,8,202,0,0,2017,1
184,9,160,0,0,2017,1
184,147,1594,8,0,2017,1
184,535,72,30,0,2017,1
184,561,1106,9,0,2017,1
184,567,3295,8,0,2017,1
184,2550,4757,7,0,2017,1
184,2551,1927,8,0,2017,1
184,2552,51,28,0,2017,1
185,3,180,5,0,2017,1
185,8,57,0,0,2017,1
185,9,45,0,0,2017,1
185,147,358,8,0,2017,1
185,535,23,30,0,2017,1
185,561,203,9,0,2017,1
185,567,898,8,0,2017,1
185,2550,2503,7,0,2017,1
185,2551,394,8,0,2017,1
185,2552,28,28,0,2017,1
186,3,4172,5,0,2017,1
186,8,1042,0,0,2017,1
186,9,428,0,0,2017,1
186,147,5646,8,0,2017,1
186,535,150,30,0,2017,1
186,561,8869,9,0,2017,1
186,567,21897,8,0,2017,1
186,2550,42436,7,0,2017,1
186,2551,27710,8,0,2017,1
186,2552,660,28,0,2017,1
187,3,6,5,0,2017,1
187,8,1,0,0,2017,1
187,9,0,0,0,2017,1
187,147,13,8,0,2017,1
187,535,0,30,0,2017,1
187,561,20,9,0,2017,1
187,567,45,8,0,2017,1
187,2550,122,7,0,2017,1
187,2551,29,8,0,2017,1
187,2552,1,28,0,2017,1
188,3,350,5,0,2017,1
188,8,48,0,0,2017,1
188,9,27,0,0,2017,1
188,147,351,8,0,2017,1
188,535,13,30,0,2017,1
188,561,282,9,0,2017,1
188,567,1261,8,0,2017,1
188,2550,2623,7,0,2017,1
188,2551,1007,8,0,2017,1
188,2552,25,28,0,2017,1
189,3,29,5,0,2017,1
189,8,0,0,0,2017,1
189,9,3,0,0,2017,1
189,147,15,8,0,2017,1
189,535,0,30,0,2017,1
189,561,3,9,0,2017,1
189,567,49,8,0,2017,1
189,2550,129,7,0,2017,1
189,2551,36,8,0,2017,1
189,2552,1,28,0,2017,1
190,3,322,5,0,2017,1
190,8,70,0,0,2017,1
190,9,59,0,0,2017,1
190,147,462,8,0,2017,1
190,535,6,30,0,2017,1
190,561,287,9,0,2017,1
190,567,1449,8,0,2017,1
190,2550,3158,7,0,2017,1
190,2551,1446,8,0,2017,1
190,2552,38,28,0,2017,1
191,3,3123,5,0,2017,1
191,8,582,0,0,2017,1
191,9,280,0,0,2017,1
191,147,7005,8,0,2017,1
191,535,189,30,0,2017,1
191,561,5383,9,0,2017,1
191,567,16097,8,0,2017,1
191,2550,20349,7,0,2017,1
191,2551,10609,8,0,2017,1
191,2552,320,28,0,2017,1
192,3,2023,5,0,2017,1
192,8,343,0,0,2017,1
192,9,250,0,0,2017,1
192,147,1398,8,0,2017,1
192,535,132,30,0,2017,1
192,561,2375,9,0,2017,1
192,567,11041,8,0,2017,1
192,2550,12623,7,0,2017,1
192,2551,6119,8,0,2017,1
192,2552,177,28,0,2017,1
193,3,1721,5,0,2017,1
193,8,168,0,0,2017,1
193,9,110,0,0,2017,1
193,147,1328,8,0,2017,1
193,535,62,30,0,2017,1
193,561,943,9,0,2017,1
193,567,4934,8,0,2017,1
193,2550,6325,7,0,2017,1
193,2551,4362,8,0,2017,1
193,2552,116,28,0,2017,1
194,3,1448,5,0,2017,1
194,8,309,0,0,2017,1
194,9,278,0,0,2017,1
194,147,3755,8,0,2017,1
194,535,124,30,0,2017,1
194,561,1189,9,0,2017,1
194,567,5149,8,0,2017,1
194,2550,8302,7,0,2017,1
194,2551,3452,8,0,2017,1
194,2552,107,28,0,2017,1
195,3,86,5,0,2017,1
195,8,12,0,0,2017,1
195,9,23,0,0,2017,1
195,147,49,8,0,2017,1
195,535,4,30,0,2017,1
195,561,125,9,0,2017,1
195,567,507,8,0,2017,1
195,2550,989,7,0,2017,1
195,2551,349,8,0,2017,1
195,2552,12,28,0,2017,1
196,3,355,5,0,2017,1
196,8,92,0,0,2017,1
196,9,66,0,0,2017,1
196,147,739,8,0,2017,1
196,535,32,30,0,2017,1
196,561,731,9,0,2017,1
196,567,2082,8,0,2017,1
196,2550,3384,7,0,2017,1
196,2551,1103,8,0,2017,1
196,2552,48,28,0,2017,1
197,3,1471,5,0,2017,1
197,8,385,0,0,2017,1
197,9,243,0,0,2017,1
197,147,2582,8,0,2017,1
197,535,51,30,0,2017,1
197,561,1364,9,0,2017,1
197,567,4441,8,0,2017,1
197,2550,8694,7,0,2017,1
197,2551,4212,8,0,2017,1
197,2552,114,28,0,2017,1
198,3,28,5,0,2017,1
198,8,6,0,0,2017,1
198,9,36,0,0,2017,1
198,147,47,8,0,2017,1
198,535,3,30,0,2017,1
198,561,93,9,0,2017,1
198,567,185,8,0,2017,1
198,2550,294,7,0,2017,1
198,2551,88,8,0,2017,1
198,2552,3,28,0,2017,1
199,3,276,5,0,2017,1
199,8,47,0,0,2017,1
199,9,39,0,0,2017,1
199,147,170,8,0,2017,1
199,535,12,30,0,2017,1
199,561,669,9,0,2017,1
199,567,1229,8,0,2017,1
199,2550,1876,7,0,2017,1
199,2551,564,8,0,2017,1
199,2552,15,28,0,2017,1
200,3,524,5,0,2017,1
200,8,227,0,0,2017,1
200,9,226,0,0,2017,1
200,147,1048,8,0,2017,1
200,535,73,30,0,2017,1
200,561,682,9,0,2017,1
200,567,3548,8,0,2017,1
200,2550,5504,7,0,2017,1
200,2551,1343,8,0,2017,1
200,2552,66,28,0,2017,1
201,3,165,5,0,2017,1
201,8,31,0,0,2017,1
201,9,20,0,0,2017,1
201,147,197,8,0,2017,1
201,535,9,30,0,2017,1
201,561,166,9,0,2017,1
201,567,872,8,0,2017,1
201,2550,1119,7,0,2017,1
201,2551,497,8,0,2017,1
201,2552,21,28,0,2017,1
202,3,121,5,0,2017,1
202,8,16,0,0,2017,1
202,9,16,0,0,2017,1
202,147,167,8,0,2017,1
202,535,7,30,0,2017,1
202,561,219,9,0,2017,1
202,567,469,8,0,2017,1
202,2550,1409,7,0,2017,1
202,2551,564,8,0,2017,1
202,2552,7,28,0,2017,1
203,3,116,5,0,2017,1
203,8,26,0,0,2017,1
203,9,32,0,0,2017,1
203,147,111,8,0,2017,1
203,535,10,30,0,2017,1
203,561,241,9,0,2017,1
203,567,940,8,0,2017,1
203,2550,1156,7,0,2017,1
203,2551,288,8,0,2017,1
203,2552,12,28,0,2017,1
204,3,733,5,0,2017,1
204,8,185,0,0,2017,1
204,9,152,0,0,2017,1
204,147,1241,8,0,2017,1
204,535,50,30,0,2017,1
204,561,985,9,0,2017,1
204,567,4032,8,0,2017,1
204,2550,7935,7,0,2017,1
204,2551,1875,8,0,2017,1
204,2552,78,28,0,2017,1
205,3,3362,5,0,2017,1
205,8,419,0,0,2017,1
205,9,206,0,0,2017,1
205,147,2674,8,0,2017,1
205,535,102,30,0,2017,1
205,561,1865,9,0,2017,1
205,567,14829,8,0,2017,1
205,2550,11548,7,0,2017,1
205,2551,11394,8,0,2017,1
205,2552,321,28,0,2017,1
206,3,196,5,0,2017,1
206,8,47,0,0,2017,1
206,9,52,0,0,2017,1
206,147,201,8,0,2017,1
206,535,14,30,0,2017,1
206,561,337,9,0,2017,1
206,567,736,8,0,2017,1
206,2550,1777,7,0,2017,1
206,2551,459,8,0,2017,1
206,2552,17,28,0,2017,1
207,3,170,5,0,2017,1
207,8,41,0,0,2017,1
207,9,38,0,0,2017,1
207,147,309,8,0,2017,1
207,535,21,30,0,2017,1
207,561,202,9,0,2017,1
207,567,830,8,0,2017,1
207,2550,1721,7,0,2017,1
207,2551,329,8,0,2017,1
207,2552,15,28,0,2017,1
208,3,157,5,0,2017,1
208,8,33,0,0,2017,1
208,9,41,0,0,2017,1
208,147,196,8,0,2017,1
208,535,10,30,0,2017,1
208,561,308,9,0,2017,1
208,567,802,8,0,2017,1
208,2550,1892,7,0,2017,1
208,2551,373,8,0,2017,1
208,2552,24,28,0,2017,1
209,3,261,5,0,2017,1
209,8,59,0,0,2017,1
209,9,51,0,0,2017,1
209,147,294,8,0,2017,1
209,535,18,30,0,2017,1
209,561,413,9,0,2017,1
209,567,1275,8,0,2017,1
209,2550,2372,7,0,2017,1
209,2551,552,8,0,2017,1
209,2552,24,28,0,2017,1
210,3,1160,5,0,2017,1
210,8,212,0,0,2017,1
210,9,119,0,0,2017,1
210,147,2175,8,0,2017,1
210,535,865,30,0,2017,1
210,561,1645,9,0,2017,1
210,567,5186,8,0,2017,1
210,2550,5626,7,0,2017,1
210,2551,4178,8,0,2017,1
210,2552,96,28,0,2017,1
211,3,2804,5,0,2017,1
211,8,260,0,0,2017,1
211,9,218,0,0,2017,1
211,147,1929,8,0,2017,1
211,535,61,30,0,2017,1
211,561,1946,9,0,2017,1
211,567,7912,8,0,2017,1
211,2550,11013,7,0,2017,1
211,2551,7667,8,0,2017,1
211,2552,139,28,0,2017,1
212,3,6196,5,0,2017,1
212,8,1073,0,0,2017,1
212,9,463,0,0,2017,1
212,147,6108,8,0,2017,1
212,535,218,30,0,2017,1
212,561,5580,9,0,2017,1
212,567,20211,8,0,2017,1
212,2550,28484,7,0,2017,1
212,2551,22718,8,0,2017,1
212,2552,468,28,0,2017,1
213,3,204,5,0,2017,1
213,8,37,0,0,2017,1
213,9,36,0,0,2017,1
213,147,204,8,0,2017,1
213,535,15,30,0,2017,1
213,561,411,9,0,2017,1
213,567,1088,8,0,2017,1
213,2550,1749,7,0,2017,1
213,2551,716,8,0,2017,1
213,2552,13,28,0,2017,1
214,3,177,5,0,2017,1
214,8,40,0,0,2017,1
214,9,24,0,0,2017,1
214,147,268,8,0,2017,1
214,535,16,30,0,2017,1
214,561,291,9,0,2017,1
214,567,692,8,0,2017,1
214,2550,1207,7,0,2017,1
214,2551,276,8,0,2017,1
214,2552,14,28,0,2017,1
215,3,213,5,0,2017,1
215,8,48,0,0,2017,1
215,9,33,0,0,2017,1
215,147,111,8,0,2017,1
215,535,15,30,0,2017,1
215,561,339,9,0,2017,1
215,567,1403,8,0,2017,1
215,2550,1006,7,0,2017,1
215,2551,994,8,0,2017,1
215,2552,26,28,0,2017,1
216,3,359,5,0,2017,1
216,8,45,0,0,2017,1
216,9,74,0,0,2017,1
216,147,379,8,0,2017,1
216,535,22,30,0,2017,1
216,561,499,9,0,2017,1
216,567,1665,8,0,2017,1
216,2550,2033,7,0,2017,1
216,2551,1084,8,0,2017,1
216,2552,36,28,0,2017,1
217,3,172,5,0,2017,1
217,8,14,0,0,2017,1
217,9,14,0,0,2017,1
217,147,110,8,0,2017,1
217,535,2,30,0,2017,1
217,561,100,9,0,2017,1
217,567,575,8,0,2017,1
217,2550,997,7,0,2017,1
217,2551,407,8,0,2017,1
217,2552,14,28,0,2017,1
218,3,332,5,0,2017,1
218,8,57,0,0,2017,1
218,9,92,0,0,2017,1
218,147,432,8,0,2017,1
218,535,34,30,0,2017,1
218,561,737,9,0,2017,1
218,567,1925,8,0,2017,1
218,2550,2602,7,0,2017,1
218,2551,1069,8,0,2017,1
218,2552,49,28,0,2017,1
219,3,321,5,0,2017,1
219,8,45,0,0,2017,1
219,9,44,0,0,2017,1
219,147,315,8,0,2017,1
219,535,16,30,0,2017,1
219,561,500,9,0,2017,1
219,567,1567,8,0,2017,1
219,2550,3231,7,0,2017,1
219,2551,950,8,0,2017,1
219,2552,30,28,0,2017,1
220,3,190,5,0,2017,1
220,8,85,0,0,2017,1
220,9,40,0,0,2017,1
220,147,377,8,0,2017,1
220,535,26,30,0,2017,1
220,561,220,9,0,2017,1
220,567,883,8,0,2017,1
220,2550,3136,7,0,2017,1
220,2551,398,8,0,2017,1
220,2552,16,28,0,2017,1
221,3,677,5,0,2017,1
221,8,134,0,0,2017,1
221,9,56,0,0,2017,1
221,147,745,8,0,2017,1
221,535,16,30,0,2017,1
221,561,703,9,0,2017,1
221,567,1921,8,0,2017,1
221,2550,4226,7,0,2017,1
221,2551,2119,8,0,2017,1
221,2552,54,28,0,2017,1
222,3,409,5,0,2017,1
222,8,88,0,0,2017,1
222,9,67,0,0,2017,1
222,147,1212,8,0,2017,1
222,535,31,30,0,2017,1
222,561,609,9,0,2017,1
222,567,2184,8,0,2017,1
222,2550,4264,7,0,2017,1
222,2551,1156,8,0,2017,1
222,2552,41,28,0,2017,1
223,3,215,5,0,2017,1
223,8,28,0,0,2017,1
223,9,22,0,0,2017,1
223,147,167,8,0,2017,1
223,535,11,30,0,2017,1
223,561,408,9,0,2017,1
223,567,944,8,0,2017,1
223,2550,1785,7,0,2017,1
223,2551,590,8,0,2017,1
223,2552,10,28,0,2017,1
224,3,99,5,0,2017,1
224,8,31,0,0,2017,1
224,9,18,0,0,2017,1
224,147,180,8,0,2017,1
224,535,22,30,0,2017,1
224,561,227,9,0,2017,1
224,567,624,8,0,2017,1
224,2550,1362,7,0,2017,1
224,2551,272,8,0,2017,1
224,2552,9,28,0,2017,1
225,3,89,5,0,2017,1
225,8,19,0,0,2017,1
225,9,16,0,0,2017,1
225,147,153,8,0,2017,1
225,535,6,30,0,2017,1
225,561,313,9,0,2017,1
225,567,642,8,0,2017,1
225,2550,471,7,0,2017,1
225,2551,322,8,0,2017,1
225,2552,12,28,0,2017,1
226,3,389,5,0,2017,1
226,8,38,0,0,2017,1
226,9,25,0,0,2017,1
226,147,407,8,0,2017,1
226,535,9,30,0,2017,1
226,561,290,9,0,2017,1
226,567,923,8,0,2017,1
226,2550,1624,7,0,2017,1
226,2551,599,8,0,2017,1
226,2552,18,28,0,2017,1
227,3,17,5,0,2017,1
227,8,0,0,0,2017,1
227,9,0,0,0,2017,1
227,147,6,8,0,2017,1
227,535,1,30,0,2017,1
227,561,78,9,0,2017,1
227,567,65,8,0,2017,1
227,2550,72,7,0,2017,1
227,2551,48,8,0,2017,1
227,2552,2,28,0,2017,1
228,3,2382,5,0,2017,1
228,8,1005,0,0,2017,1
228,9,370,0,0,2017,1
228,147,5692,8,0,2017,1
228,535,82,30,0,2017,1
228,561,8844,9,0,2017,1
228,567,12046,8,0,2017,1
228,2550,42463,7,0,2017,1
228,2551,16584,8,0,2017,1
228,2552,392,28,0,2017,1
229,3,387,5,0,2017,1
229,8,58,0,0,2017,1
229,9,49,0,0,2017,1
229,147,289,8,0,2017,1
229,535,19,30,0,2017,1
229,561,346,9,0,2017,1
229,567,1419,8,0,2017,1
229,2550,2681,7,0,2017,1
229,2551,1378,8,0,2017,1
229,2552,20,28,0,2017,1
230,3,414,5,0,2017,1
230,8,104,0,0,2017,1
230,9,76,0,0,2017,1
230,147,850,8,0,2017,1
230,535,24,30,0,2017,1
230,561,523,9,0,2017,1
230,567,1655,8,0,2017,1
230,2550,4879,7,0,2017,1
230,2551,1398,8,0,2017,1
230,2552,38,28,0,2017,1
231,3,6544,5,0,2017,1
231,8,684,0,0,2017,1
231,9,341,0,0,2017,1
231,147,5221,8,0,2017,1
231,535,196,30,0,2017,1
231,561,3047,9,0,2017,1
231,567,18256,8,0,2017,1
231,2550,20716,7,0,2017,1
231,2551,20526,8,0,2017,1
231,2552,480,28,0,2017,1
232,3,13224,5,0,2017,1
232,8,1606,0,0,2017,1
232,9,637,0,0,2017,1
232,147,11435,8,0,2017,1
232,535,387,30,0,2017,1
232,561,7800,9,0,2017,1
232,567,33905,8,0,2017,1
232,2550,42696,7,0,2017,1
232,2551,50583,8,0,2017,1
232,2552,913,28,0,2017,1
233,3,4130,5,0,2017,1
233,8,662,0,0,2017,1
233,9,501,0,0,2017,1
233,147,8548,8,0,2017,1
233,535,209,30,0,2017,1
233,561,4295,9,0,2017,1
233,567,16523,8,0,2017,1
233,2550,24969,7,0,2017,1
233,2551,14375,8,0,2017,1
233,2552,377,28,0,2017,1
234,3,193,5,0,2017,1
234,8,44,0,0,2017,1
234,9,50,0,0,2017,1
234,147,330,8,0,2017,1
234,535,12,30,0,2017,1
234,561,356,9,0,2017,1
234,567,1327,8,0,2017,1
234,2550,1151,7,0,2017,1
234,2551,497,8,0,2017,1
234,2552,26,28,0,2017,1
235,3,702,5,0,2017,1
235,8,148,0,0,2017,1
235,9,132,0,0,2017,1
235,147,2311,8,0,2017,1
235,535,36,30,0,2017,1
235,561,1161,9,0,2017,1
235,567,3562,8,0,2017,1
235,2550,7579,7,0,2017,1
235,2551,2550,8,0,2017,1
235,2552,73,28,0,2017,1
236,3,66,5,0,2017,1
236,8,9,0,0,2017,1
236,9,19,0,0,2017,1
236,147,64,8,0,2017,1
236,535,3,30,0,2017,1
236,561,115,9,0,2017,1
236,567,399,8,0,2017,1
236,2550,915,7,0,2017,1
236,2551,190,8,0,2017,1
236,2552,4,28,0,2017,1
237,3,298,5,0,2017,1
237,8,66,0,0,2017,1
237,9,67,0,0,2017,1
237,147,167,8,0,2017,1
237,535,17,30,0,2017,1
237,561,330,9,0,2017,1
237,567,1613,8,0,2017,1
237,2550,1269,7,0,2017,1
237,2551,709,8,0,2017,1
237,2552,29,28,0,2017,1
238,3,2839,5,0,2017,1
238,8,420,0,0,2017,1
238,9,152,0,0,2017,1
238,147,4717,8,0,2017,1
238,535,88,30,0,2017,1
238,561,5313,9,0,2017,1
238,567,10913,8,0,2017,1
238,2550,12407,7,0,2017,1
238,2551,11718,8,0,2017,1
238,2552,196,28,0,2017,1
239,3,122,5,0,2017,1
239,8,21,0,0,2017,1
239,9,44,0,0,2017,1
239,147,79,8,0,2017,1
239,535,15,30,0,2017,1
239,561,87,9,0,2017,1
239,567,449,8,0,2017,1
239,2550,422,7,0,2017,1
239,2551,223,8,0,2017,1
239,2552,12,28,0,2017,1
240,3,225,5,0,2017,1
240,8,55,0,0,2017,1
240,9,44,0,0,2017,1
240,147,365,8,0,2017,1
240,535,31,30,0,2017,1
240,561,376,9,0,2017,1
240,567,1372,8,0,2017,1
240,2550,2379,7,0,2017,1
240,2551,446,8,0,2017,1
240,2552,36,28,0,2017,1
241,3,412,5,0,2017,1
241,8,115,0,0,2017,1
241,9,103,0,0,2017,1
241,147,1164,8,0,2017,1
241,535,30,30,0,2017,1
241,561,885,9,0,2017,1
241,567,2199,8,0,2017,1
241,2550,3092,7,0,2017,1
241,2551,962,8,0,2017,1
241,2552,48,28,0,2017,1
242,3,328,5,0,2017,1
242,8,69,0,0,2017,1
242,9,52,0,0,2017,1
242,147,253,8,0,2017,1
242,535,12,30,0,2017,1
242,561,354,9,0,2017,1
242,567,1937,8,0,2017,1
242,2550,1753,7,0,2017,1
242,2551,1169,8,0,2017,1
242,2552,37,28,0,2017,1
243,3,114,5,0,2017,1
243,8,25,0,0,2017,1
243,9,20,0,0,2017,1
243,147,219,8,0,2017,1
243,535,16,30,0,2017,1
243,561,66,9,0,2017,1
243,567,541,8,0,2017,1
243,2550,671,7,0,2017,1
243,2551,272,8,0,2017,1
243,2552,9,28,0,2017,1
244,3,258,5,0,2017,1
244,8,57,0,0,2017,1
244,9,58,0,0,2017,1
244,147,531,8,0,2017,1
244,535,15,30,0,2017,1
244,561,729,9,0,2017,1
244,567,1516,8,0,2017,1
244,2550,1817,7,0,2017,1
244,2551,543,8,0,2017,1
244,2552,25,28,0,2017,1
245,3,95,5,0,2017,1
245,8,17,0,0,2017,1
245,9,52,0,0,2017,1
245,147,95,8,0,2017,1
245,535,7,30,0,2017,1
245,561,395,9,0,2017,1
245,567,467,8,0,2017,1
245,2550,803,7,0,2017,1
245,2551,313,8,0,2017,1
245,2552,12,28,0,2017,1
246,3,471,5,0,2017,1
246,8,115,0,0,2017,1
246,9,152,0,0,2017,1
246,147,708,8,0,2017,1
246,535,46,30,0,2017,1
246,561,684,9,0,2017,1
246,567,2056,8,0,2017,1
246,2550,2777,7,0,2017,1
246,2551,1246,8,0,2017,1
246,2552,52,28,0,2017,1
247,3,112,5,0,2017,1
247,8,29,0,0,2017,1
247,9,76,0,0,2017,1
247,147,100,8,0,2017,1
247,535,16,30,0,2017,1
247,561,197,9,0,2017,1
247,567,697,8,0,2017,1
247,2550,1335,7,0,2017,1
247,2551,350,8,0,2017,1
247,2552,16,28,0,2017,1
248,3,90,5,0,2017,1
248,8,27,0,0,2017,1
248,9,23,0,0,2017,1
248,147,88,8,0,2017,1
248,535,11,30,0,2017,1
248,561,172,9,0,2017,1
248,567,365,8,0,2017,1
248,2550,985,7,0,2017,1
248,2551,151,8,0,2017,1
248,2552,7,28,0,2017,1
249,3,4873,5,0,2017,1
249,8,494,0,0,2017,1
249,9,191,0,0,2017,1
249,147,3890,8,0,2017,1
249,535,142,30,0,2017,1
249,561,2384,9,0,2017,1
249,567,13276,8,0,2017,1
249,2550,17812,7,0,2017,1
249,2551,17017,8,0,2017,1
249,2552,338,28,0,2017,1
250,3,176,5,0,2017,1
250,8,63,0,0,2017,1
250,9,52,0,0,2017,1
250,147,274,8,0,2017,1
250,535,18,30,0,2017,1
250,561,287,9,0,2017,1
250,567,754,8,0,2017,1
250,2550,1953,7,0,2017,1
250,2551,395,8,0,2017,1
250,2552,12,28,0,2017,1
251,3,293,5,0,2017,1
251,8,74,0,0,2017,1
251,9,48,0,0,2017,1
251,147,517,8,0,2017,1
251,535,47,30,0,2017,1
251,561,519,9,0,2017,1
251,567,1164,8,0,2017,1
251,2550,3304,7,0,2017,1
251,2551,683,8,0,2017,1
251,2552,29,28,0,2017,1
252,3,1745,5,0,2017,1
252,8,317,0,0,2017,1
252,9,176,0,0,2017,1
252,147,2177,8,0,2017,1
252,535,74,30,0,2017,1
252,561,2035,9,0,2017,1
252,567,6195,8,0,2017,1
252,2550,13298,7,0,2017,1
252,2551,7836,8,0,2017,1
252,2552,189,28,0,2017,1
253,3,2977,5,0,2017,1
253,8,484,0,0,2017,1
253,9,171,0,0,2017,1
253,147,5708,8,0,2017,1
253,535,130,30,0,2017,1
253,561,3001,9,0,2017,1
253,567,12124,8,0,2017,1
253,2550,20479,7,0,2017,1
253,2551,17714,8,0,2017,1
253,2552,276,28,0,2017,1
254,3,90,5,0,2017,1
254,8,35,0,0,2017,1
254,9,52,0,0,2017,1
254,147,128,8,0,2017,1
254,535,12,30,0,2017,1
254,561,278,9,0,2017,1
254,567,760,8,0,2017,1
254,2550,814,7,0,2017,1
254,2551,437,8,0,2017,1
254,2552,13,28,0,2017,1
255,3,253,5,0,2017,1
255,8,70,0,0,2017,1
255,9,70,0,0,2017,1
255,147,240,8,0,2017,1
255,535,16,30,0,2017,1
255,561,343,9,0,2017,1
255,567,1582,8,0,2017,1
255,2550,2583,7,0,2017,1
255,2551,1323,8,0,2017,1
255,2552,41,28,0,2017,1
256,3,3105,5,0,2017,1
256,8,401,0,0,2017,1
256,9,148,0,0,2017,1
256,147,2421,8,0,2017,1
256,535,100,30,0,2017,1
256,561,2217,9,0,2017,1
256,567,12251,8,0,2017,1
256,2550,14787,7,0,2017,1
256,2551,10944,8,0,2017,1
256,2552,275,28,0,2017,1
257,3,660,5,0,2017,1
257,8,91,0,0,2017,1
257,9,63,0,0,2017,1
257,147,760,8,0,2017,1
257,535,59,30,0,2017,1
257,561,428,9,0,2017,1
257,567,2410,8,0,2017,1
257,2550,3899,7,0,2017,1
257,2551,2297,8,0,2017,1
257,2552,34,28,0,2017,1
258,3,178,5,0,2017,1
258,8,63,0,0,2017,1
258,9,45,0,0,2017,1
258,147,195,8,0,2017,1
258,535,30,30,0,2017,1
258,561,384,9,0,2017,1
258,567,1792,8,0,2017,1
258,2550,1890,7,0,2017,1
258,2551,629,8,0,2017,1
258,2552,23,28,0,2017,1
259,3,5276,5,0,2017,1
259,8,809,0,0,2017,1
259,9,366,0,0,2017,1
259,147,6049,8,0,2017,1
259,535,171,30,0,2017,1
259,561,4333,9,0,2017,1
259,567,18241,8,0,2017,1
259,2550,34667,7,0,2017,1
259,2551,19329,8,0,2017,1
259,2552,402,28,0,2017,1
260,3,125,5,0,2017,1
260,8,38,0,0,2017,1
260,9,21,0,0,2017,1
260,147,251,8,0,2017,1
260,535,30,30,0,2017,1
260,561,222,9,0,2017,1
260,567,616,8,0,2017,1
260,2550,1053,7,0,2017,1
260,2551,314,8,0,2017,1
260,2552,14,28,0,2017,1
261,3,278,5,0,2017,1
261,8,75,0,0,2017,1
261,9,34,0,0,2017,1
261,147,323,8,0,2017,1
261,535,19,30,0,2017,1
261,561,328,9,0,2017,1
261,567,1324,8,0,2017,1
261,2550,1638,7,0,2017,1
261,2551,650,8,0,2017,1
261,2552,31,28,0,2017,1
262,3,4278,5,0,2017,1
262,8,567,0,0,2017,1
262,9,267,0,0,2017,1
262,147,3177,8,0,2017,1
262,535,196,30,0,2017,1
262,561,2805,9,0,2017,1
262,567,16497,8,0,2017,1
262,2550,20531,7,0,2017,1
262,2551,14095,8,0,2017,1
262,2552,403,28,0,2017,1
263,3,275,5,0,2017,1
263,8,56,0,0,2017,1
263,9,44,0,0,2017,1
263,147,465,8,0,2017,1
263,535,20,30,0,2017,1
263,561,198,9,0,2017,1
263,567,1168,8,0,2017,1
263,2550,1647,7,0,2017,1
263,2551,389,8,0,2017,1
263,2552,21,28,0,2017,1
264,3,4178,5,0,2017,1
264,8,404,0,0,2017,1
264,9,202,0,0,2017,1
264,147,3164,8,0,2017,1
264,535,142,30,0,2017,1
264,561,2623,9,0,2017,1
264,567,13155,8,0,2017,1
264,2550,13055,7,0,2017,1
264,2551,11864,8,0,2017,1
264,2552,270,28,0,2017,1
265,3,1360,5,0,2017,1
265,8,276,0,0,2017,1
265,9,205,0,0,2017,1
265,147,1367,8,0,2017,1
265,535,83,30,0,2017,1
265,561,1290,9,0,2017,1
265,567,5976,8,0,2017,1
265,2550,7787,7,0,2017,1
265,2551,4239,8,0,2017,1
265,2552,130,28,0,2017,1
266,3,563,5,0,2017,1
266,8,96,0,0,2017,1
266,9,66,0,0,2017,1
266,147,636,8,0,2017,1
266,535,34,30,0,2017,1
266,561,547,9,0,2017,1
266,567,2557,8,0,2017,1
266,2550,4319,7,0,2017,1
266,2551,1581,8,0,2017,1
266,2552,50,28,0,2017,1
267,3,311,5,0,2017,1
267,8,69,0,0,2017,1
267,9,76,0,0,2017,1
267,147,449,8,0,2017,1
267,535,28,30,0,2017,1
267,561,398,9,0,2017,1
267,567,1425,8,0,2017,1
267,2550,4435,7,0,2017,1
267,2551,705,8,0,2017,1
267,2552,35,28,0,2017,1
268,3,211,5,0,2017,1
268,8,28,0,0,2017,1
268,9,26,0,0,2017,1
268,147,220,8,0,2017,1
268,535,16,30,0,2017,1
268,561,278,9,0,2017,1
268,567,1270,8,0,2017,1
268,2550,1663,7,0,2017,1
268,2551,666,8,0,2017,1
268,2552,21,28,0,2017,1
269,3,519,5,0,2017,1
269,8,141,0,0,2017,1
269,9,96,0,0,2017,1
269,147,1371,8,0,2017,1
269,535,50,30,0,2017,1
269,561,1192,9,0,2017,1
269,567,2709,8,0,2017,1
269,2550,5578,7,0,2017,1
269,2551,1507,8,0,2017,1
269,2552,68,28,0,2017,1
270,3,325,5,0,2017,1
270,8,79,0,0,2017,1
270,9,91,0,0,2017,1
270,147,352,8,0,2017,1
270,535,20,30,0,2017,1
270,561,344,9,0,2017,1
270,567,1417,8,0,2017,1
270,2550,2265,7,0,2017,1
270,2551,526,8,0,2017,1
270,2552,33,28,0,2017,1
271,3,101,5,0,2017,1
271,8,26,0,0,2017,1
271,9,18,0,0,2017,1
271,147,47,8,0,2017,1
271,535,8,30,0,2017,1
271,561,160,9,0,2017,1
271,567,447,8,0,2017,1
271,2550,1004,7,0,2017,1
271,2551,178,8,0,2017,1
271,2552,11,28,0,2017,1
272,3,70,5,0,2017,1
272,8,16,0,0,2017,1
272,9,24,0,0,2017,1
272,147,81,8,0,2017,1
272,535,8,30,0,2017,1
272,561,127,9,0,2017,1
272,567,329,8,0,2017,1
272,2550,641,7,0,2017,1
272,2551,166,8,0,2017,1
272,2552,2,28,0,2017,1
273,3,254,5,0,2017,1
273,8,69,0,0,2017,1
273,9,73,0,0,2017,1
273,147,587,8,0,2017,1
273,535,16,30,0,2017,1
273,561,520,9,0,2017,1
273,567,1982,8,0,2017,1
273,2550,2222,7,0,2017,1
273,2551,546,8,0,2017,1
273,2552,22,28,0,2017,1
274,3,8,5,0,2017,1
274,8,6,0,0,2017,1
274,9,1,0,0,2017,1
274,147,20,8,0,2017,1
274,535,0,30,0,2017,1
274,561,23,9,0,2017,1
274,567,43,8,0,2017,1
274,2550,102,7,0,2017,1
274,2551,33,8,0,2017,1
274,2552,0,28,0,2017,1
275,3,355,5,0,2017,1
275,8,70,0,0,2017,1
275,9,55,0,0,2017,1
275,147,574,8,0,2017,1
275,535,26,30,0,2017,1
275,561,583,9,0,2017,1
275,567,1466,8,0,2017,1
275,2550,2718,7,0,2017,1
275,2551,886,8,0,2017,1
275,2552,19,28,0,2017,1
276,3,250,5,0,2017,1
276,8,100,0,0,2017,1
276,9,105,0,0,2017,1
276,147,413,8,0,2017,1
276,535,34,30,0,2017,1
276,561,617,9,0,2017,1
276,567,1375,8,0,2017,1
276,2550,1761,7,0,2017,1
276,2551,612,8,0,2017,1
276,2552,35,28,0,2017,1
277,3,391,5,0,2017,1
277,8,62,0,0,2017,1
277,9,99,0,0,2017,1
277,147,396,8,0,2017,1
277,535,35,30,0,2017,1
277,561,532,9,0,2017,1
277,567,2799,8,0,2017,1
277,2550,2440,7,0,2017,1
277,2551,995,8,0,2017,1
277,2552,46,28,0,2017,1
278,3,509,5,0,2017,1
278,8,88,0,0,2017,1
278,9,81,0,0,2017,1
278,147,441,8,0,2017,1
278,535,40,30,0,2017,1
278,561,565,9,0,2017,1
278,567,3273,8,0,2017,1
278,2550,3142,7,0,2017,1
278,2551,1433,8,0,2017,1
278,2552,60,28,0,2017,1
279,3,2915,5,0,2017,1
279,8,376,0,0,2017,1
279,9,207,0,0,2017,1
279,147,1862,8,0,2017,1
279,535,100,30,0,2017,1
279,561,1673,9,0,2017,1
279,567,10857,8,0,2017,1
279,2550,8950,7,0,2017,1
279,2551,10460,8,0,2017,1
279,2552,209,28,0,2017,1
280,3,7148,5,0,2017,1
280,8,957,0,0,2017,1
280,9,446,0,0,2017,1
280,147,9715,8,0,2017,1
280,535,256,30,0,2017,1
280,561,3900,9,0,2017,1
280,567,21532,8,0,2017,1
280,2550,28564,7,0,2017,1
280,2551,21286,8,0,2017,1
280,2552,462,28,0,2017,1
281,3,817,5,0,2017,1
281,8,206,0,0,2017,1
281,9,157,0,0,2017,1
281,147,2577,8,0,2017,1
281,535,95,30,0,2017,1
281,561,1193,9,0,2017,1
281,567,4540,8,0,2017,1
281,2550,8955,7,0,2017,1
281,2551,2183,8,0,2017,1
281,2552,102,28,0,2017,1
282,3,1198,5,0,2017,1
282,8,249,0,0,2017,1
282,9,405,0,0,2017,1
282,147,1008,8,0,2017,1
282,535,51,30,0,2017,1
282,561,1612,9,0,2017,1
282,567,4060,8,0,2017,1
282,2550,6041,7,0,2017,1
282,2551,2049,8,0,2017,1
282,2552,104,28,0,2017,1
283,3,286,5,0,2017,1
283,8,78,0,0,2017,1
283,9,50,0,0,2017,1
283,147,394,8,0,2017,1
283,535,21,30,0,2017,1
283,561,373,9,0,2017,1
283,567,2302,8,0,2017,1
283,2550,2664,7,0,2017,1
283,2551,1177,8,0,2017,1
283,2552,37,28,0,2017,1
284,3,82,5,0,2017,1
284,8,19,0,0,2017,1
284,9,26,0,0,2017,1
284,147,151,8,0,2017,1
284,535,17,30,0,2017,1
284,561,162,9,0,2017,1
284,567,456,8,0,2017,1
284,2550,953,7,0,2017,1
284,2551,227,8,0,2017,1
284,2552,10,28,0,2017,1
285,3,1459,5,0,2017,1
285,8,238,0,0,2017,1
285,9,137,0,0,2017,1
285,147,1756,8,0,2017,1
285,535,57,30,0,2017,1
285,561,1372,9,0,2017,1
285,567,6835,8,0,2017,1
285,2550,9743,7,0,2017,1
285,2551,5950,8,0,2017,1
285,2552,176,28,0,2017,1
286,3,1555,5,0,2017,1
286,8,278,0,0,2017,1
286,9,134,0,0,2017,1
286,147,1913,8,0,2017,1
286,535,94,30,0,2017,1
286,561,1957,9,0,2017,1
286,567,6772,8,0,2017,1
286,2550,11875,7,0,2017,1
286,2551,6013,8,0,2017,1
286,2552,135,28,0,2017,1
287,3,13,5,0,2017,1
287,8,1,0,0,2017,1
287,9,5,0,0,2017,1
287,147,36,8,0,2017,1
287,535,0,30,0,2017,1
287,561,24,9,0,2017,1
287,567,33,8,0,2017,1
287,2550,105,7,0,2017,1
287,2551,41,8,0,2017,1
287,2552,0,28,0,2017,1
288,3,338,5,0,2017,1
288,8,74,0,0,2017,1
288,9,68,0,0,2017,1
288,147,390,8,0,2017,1
288,535,28,30,0,2017,1
288,561,405,9,0,2017,1
288,567,1512,8,0,2017,1
288,2550,3011,7,0,2017,1
288,2551,592,8,0,2017,1
288,2552,40,28,0,2017,1
289,3,1069,5,0,2017,1
289,8,181,0,0,2017,1
289,9,158,0,0,2017,1
289,147,1213,8,0,2017,1
289,535,62,30,0,2017,1
289,561,1375,9,0,2017,1
289,567,3655,8,0,2017,1
289,2550,7254,7,0,2017,1
289,2551,2025,8,0,2017,1
289,2552,84,28,0,2017,1
290,3,2735,5,0,2017,1
290,8,524,0,0,2017,1
290,9,150,0,0,2017,1
290,147,2251,8,0,2017,1
290,535,94,30,0,2017,1
290,561,1819,9,0,2017,1
290,567,11775,8,0,2017,1
290,2550,10721,7,0,2017,1
290,2551,9757,8,0,2017,1
290,2552,245,28,0,2017,1
291,3,546,5,0,2017,1
291,8,107,0,0,2017,1
291,9,57,0,0,2017,1
291,147,306,8,0,2017,1
291,535,18,30,0,2017,1
291,561,445,9,0,2017,1
291,567,1683,8,0,2017,1
291,2550,2445,7,0,2017,1
291,2551,1688,8,0,2017,1
291,2552,49,28,0,2017,1
292,3,158,5,0,2017,1
292,8,49,0,0,2017,1
292,9,53,0,0,2017,1
292,147,193,8,0,2017,1
292,535,18,30,0,2017,1
292,561,727,9,0,2017,1
292,567,1020,8,0,2017,1
292,2550,1013,7,0,2017,1
292,2551,473,8,0,2017,1
292,2552,35,28,0,2017,1
293,3,2454,5,0,2017,1
293,8,364,0,0,2017,1
293,9,127,0,0,2017,1
293,147,2426,8,0,2017,1
293,535,93,30,0,2017,1
293,561,2708,9,0,2017,1
293,567,11900,8,0,2017,1
293,2550,17069,7,0,2017,1
293,2551,11979,8,0,2017,1
293,2552,293,28,0,2017,1
294,3,334,5,0,2017,1
294,8,70,0,0,2017,1
294,9,60,0,0,2017,1
294,147,527,8,0,2017,1
294,535,31,30,0,2017,1
294,561,794,9,0,2017,1
294,567,1149,8,0,2017,1
294,2550,1973,7,0,2017,1
294,2551,655,8,0,2017,1
294,2552,22,28,0,2017,1
295,3,233,5,0,2017,1
295,8,51,0,0,2017,1
295,9,43,0,0,2017,1
295,147,451,8,0,2017,1
295,535,22,30,0,2017,1
295,561,771,9,0,2017,1
295,567,1278,8,0,2017,1
295,2550,1444,7,0,2017,1
295,2551,566,8,0,2017,1
295,2552,34,28,0,2017,1
296,3,120,5,0,2017,1
296,8,23,0,0,2017,1
296,9,31,0,0,2017,1
296,147,115,8,0,2017,1
296,535,10,30,0,2017,1
296,561,223,9,0,2017,1
296,567,859,8,0,2017,1
296,2550,1548,7,0,2017,1
296,2551,347,8,0,2017,1
296,2552,12,28,0,2017,1
297,3,228,5,0,2017,1
297,8,37,0,0,2017,1
297,9,26,0,0,2017,1
297,147,127,8,0,2017,1
297,535,8,30,0,2017,1
297,561,94,9,0,2017,1
297,567,635,8,0,2017,1
297,2550,737,7,0,2017,1
297,2551,609,8,0,2017,1
297,2552,20,28,0,2017,1
298,3,2246,5,0,2017,1
298,8,377,0,0,2017,1
298,9,209,0,0,2017,1
298,147,4800,8,0,2017,1
298,535,543,30,0,2017,1
298,561,2872,9,0,2017,1
298,567,7585,8,0,2017,1
298,2550,14342,7,0,2017,1
298,2551,8487,8,0,2017,1
298,2552,193,28,0,2017,1
299,3,236,5,0,2017,1
299,8,49,0,0,2017,1
299,9,44,0,0,2017,1
299,147,279,8,0,2017,1
299,535,18,30,0,2017,1
299,561,228,9,0,2017,1
299,567,883,8,0,2017,1
299,2550,1840,7,0,2017,1
299,2551,461,8,0,2017,1
299,2552,21,28,0,2017,1
300,3,3107,5,0,2017,1
300,8,415,0,0,2017,1
300,9,225,0,0,2017,1
300,147,2693,8,0,2017,1
300,535,127,30,0,2017,1
300,561,1585,9,0,2017,1
300,567,11033,8,0,2017,1
300,2550,9959,7,0,2017,1
300,2551,8088,8,0,2017,1
300,2552,221,28,0,2017,1
301,3,146,5,0,2017,1
301,8,22,0,0,2017,1
301,9,12,0,0,2017,1
301,147,183,8,0,2017,1
301,535,18,30,0,2017,1
301,561,196,9,0,2017,1
301,567,579,8,0,2017,1
301,2550,807,7,0,2017,1
301,2551,199,8,0,2017,1
301,2552,11,28,0,2017,1
302,3,796,5,0,2017,1
302,8,168,0,0,2017,1
302,9,135,0,0,2017,1
302,147,859,8,0,2017,1
302,535,69,30,0,2017,1
302,561,1631,9,0,2017,1
302,567,3983,8,0,2017,1
302,2550,6838,7,0,2017,1
302,2551,3342,8,0,2017,1
302,2552,84,28,0,2017,1
303,3,255,5,0,2017,1
303,8,78,0,0,2017,1
303,9,246,0,0,2017,1
303,147,286,8,0,2017,1
303,535,26,30,0,2017,1
303,561,416,9,0,2017,1
303,567,853,8,0,2017,1
303,2550,3221,7,0,2017,1
303,2551,557,8,0,2017,1
303,2552,26,28,0,2017,1
304,3,548,5,0,2017,1
304,8,114,0,0,2017,1
304,9,90,0,0,2017,1
304,147,588,8,0,2017,1
304,535,23,30,0,2017,1
304,561,1007,9,0,2017,1
304,567,3066,8,0,2017,1
304,2550,5970,7,0,2017,1
304,2551,2053,8,0,2017,1
304,2552,57,28,0,2017,1
305,3,276,5,0,2017,1
305,8,87,0,0,2017,1
305,9,69,0,0,2017,1
305,147,662,8,0,2017,1
305,535,144,30,0,2017,1
305,561,590,9,0,2017,1
305,567,758,8,0,2017,1
305,2550,2351,7,0,2017,1
305,2551,838,8,0,2017,1
305,2552,30,28,0,2017,1
306,3,277,5,0,2017,1
306,8,56,0,0,2017,1
306,9,52,0,0,2017,1
306,147,258,8,0,2017,1
306,535,14,30,0,2017,1
306,561,306,9,0,2017,1
306,567,1928,8,0,2017,1
306,2550,1982,7,0,2017,1
306,2551,868,8,0,2017,1
306,2552,27,28,0,2017,1
307,3,5899,5,0,2017,1
307,8,1093,0,0,2017,1
307,9,371,0,0,2017,1
307,147,6931,8,0,2017,1
307,535,263,30,0,2017,1
307,561,7362,9,0,2017,1
307,567,26697,8,0,2017,1
307,2550,44420,7,0,2017,1
307,2551,35622,8,0,2017,1
307,2552,973,28,0,2017,1
308,3,235,5,0,2017,1
308,8,44,0,0,2017,1
308,9,38,0,0,2017,1
308,147,457,8,0,2017,1
308,535,15,30,0,2017,1
308,561,362,9,0,2017,1
308,567,1268,8,0,2017,1
308,2550,3121,7,0,2017,1
308,2551,834,8,0,2017,1
308,2552,18,28,0,2017,1
309,3,49,5,0,2017,1
309,8,2,0,0,2017,1
309,9,6,0,0,2017,1
309,147,32,8,0,2017,1
309,535,2,30,0,2017,1
309,561,16,9,0,2017,1
309,567,186,8,0,2017,1
309,2550,272,7,0,2017,1
309,2551,150,8,0,2017,1
309,2552,7,28,0,2017,1
310,3,2037,5,0,2017,1
310,8,301,0,0,2017,1
310,9,230,0,0,2017,1
310,147,2046,8,0,2017,1
310,535,71,30,0,2017,1
310,561,1567,9,0,2017,1
310,567,6990,8,0,2017,1
310,2550,10935,7,0,2017,1
310,2551,5575,8,0,2017,1
310,2552,152,28,0,2017,1
311,3,5362,5,0,2017,1
311,8,759,0,0,2017,1
311,9,523,0,0,2017,1
311,147,6856,8,0,2017,1
311,535,206,30,0,2017,1
311,561,5222,9,0,2017,1
311,567,21755,8,0,2017,1
311,2550,30755,7,0,2017,1
311,2551,16388,8,0,2017,1
311,2552,418,28,0,2017,1
312,3,3311,5,0,2017,1
312,8,581,0,0,2017,1
312,9,257,0,0,2017,1
312,147,7691,8,0,2017,1
312,535,765,30,0,2017,1
312,561,3035,9,0,2017,1
312,567,12207,8,0,2017,1
312,2550,19348,7,0,2017,1
312,2551,13465,8,0,2017,1
312,2552,285,28,0,2017,1
313,3,263,5,0,2017,1
313,8,29,0,0,2017,1
313,9,26,0,0,2017,1
313,147,138,8,0,2017,1
313,535,14,30,0,2017,1
313,561,145,9,0,2017,1
313,567,1517,8,0,2017,1
313,2550,1165,7,0,2017,1
313,2551,660,8,0,2017,1
313,2552,21,28,0,2017,1
314,3,5063,5,0,2017,1
314,8,888,0,0,2017,1
314,9,483,0,0,2017,1
314,147,16554,8,0,2017,1
314,535,206,30,0,2017,1
314,561,6510,9,0,2017,1
314,567,19691,8,0,2017,1
314,2550,39047,7,0,2017,1
314,2551,16664,8,0,2017,1
314,2552,437,28,0,2017,1
315,3,644,5,0,2017,1
315,8,113,0,0,2017,1
315,9,96,0,0,2017,1
315,147,763,8,0,2017,1
315,535,42,30,0,2017,1
315,561,838,9,0,2017,1
315,567,2139,8,0,2017,1
315,2550,4183,7,0,2017,1
315,2551,1608,8,0,2017,1
315,2552,41,28,0,2017,1
316,3,204,5,0,2017,1
316,8,108,0,0,2017,1
316,9,98,0,0,2017,1
316,147,581,8,0,2017,1
316,535,22,30,0,2017,1
316,561,338,9,0,2017,1
316,567,1375,8,0,2017,1
316,2550,3413,7,0,2017,1
316,2551,551,8,0,2017,1
316,2552,28,28,0,2017,1
317,3,319,5,0,2017,1
317,8,40,0,0,2017,1
317,9,47,0,0,2017,1
317,147,186,8,0,2017,1
317,535,22,30,0,2017,1
317,561,141,9,0,2017,1
317,567,1522,8,0,2017,1
317,2550,2174,7,0,2017,1
317,2551,956,8,0,2017,1
317,2552,36,28,0,2017,1
318,3,332,5,0,2017,1
318,8,55,0,0,2017,1
318,9,39,0,0,2017,1
318,147,285,8,0,2017,1
318,535,12,30,0,2017,1
318,561,300,9,0,2017,1
318,567,1685,8,0,2017,1
318,2550,2593,7,0,2017,1
318,2551,1287,8,0,2017,1
318,2552,46,28,0,2017,1
319,3,8,5,0,2017,1
319,8,5,0,0,2017,1
319,9,2,0,0,2017,1
319,147,10,8,0,2017,1
319,535,0,30,0,2017,1
319,561,18,9,0,2017,1
319,567,39,8,0,2017,1
319,2550,78,7,0,2017,1
319,2551,30,8,0,2017,1
319,2552,1,28,0,2017,1
320,3,180,5,0,2017,1
320,8,58,0,0,2017,1
320,9,50,0,0,2017,1
320,147,200,8,0,2017,1
320,535,95,30,0,2017,1
320,561,117,9,0,2017,1
320,567,1030,8,0,2017,1
320,2550,1756,7,0,2017,1
320,2551,479,8,0,2017,1
320,2552,20,28,0,2017,1
321,3,567,5,0,2017,1
321,8,86,0,0,2017,1
321,9,32,0,0,2017,1
321,147,407,8,0,2017,1
321,535,21,30,0,2017,1
321,561,332,9,0,2017,1
321,567,3375,8,0,2017,1
321,2550,2274,7,0,2017,1
321,2551,1150,8,0,2017,1
321,2552,37,28,0,2017,1
322,3,183,5,0,2017,1
322,8,58,0,0,2017,1
322,9,50,0,0,2017,1
322,147,441,8,0,2017,1
322,535,26,30,0,2017,1
322,561,326,9,0,2017,1
322,567,733,8,0,2017,1
322,2550,2116,7,0,2017,1
322,2551,408,8,0,2017,1
322,2552,17,28,0,2017,1
323,3,1228,5,0,2017,1
323,8,246,0,0,2017,1
323,9,157,0,0,2017,1
323,147,2850,8,0,2017,1
323,535,534,30,0,2017,1
323,561,1488,9,0,2017,1
323,567,5303,8,0,2017,1
323,2550,7618,7,0,2017,1
323,2551,4354,8,0,2017,1
323,2552,122,28,0,2017,1
324,3,30,5,0,2017,1
324,8,5,0,0,2017,1
324,9,2,0,0,2017,1
324,147,42,8,0,2017,1
324,535,1,30,0,2017,1
324,561,81,9,0,2017,1
324,567,130,8,0,2017,1
324,2550,185,7,0,2017,1
324,2551,80,8,0,2017,1
324,2552,2,28,0,2017,1
325,3,10,5,0,2017,1
325,8,4,0,0,2017,1
325,9,4,0,0,2017,1
325,147,5,8,0,2017,1
325,535,2,30,0,2017,1
325,561,20,9,0,2017,1
325,567,60,8,0,2017,1
325,2550,87,7,0,2017,1
325,2551,43,8,0,2017,1
325,2552,3,28,0,2017,1
326,3,472,5,0,2017,1
326,8,119,0,0,2017,1
326,9,123,0,0,2017,1
326,147,684,8,0,2017,1
326,535,57,30,0,2017,1
326,561,476,9,0,2017,1
326,567,2100,8,0,2017,1
326,2550,3363,7,0,2017,1
326,2551,760,8,0,2017,1
326,2552,38,28,0,2017,1
327,3,97,5,0,2017,1
327,8,32,0,0,2017,1
327,9,26,0,0,2017,1
327,147,210,8,0,2017,1
327,535,49,30,0,2017,1
327,561,504,9,0,2017,1
327,567,546,8,0,2017,1
327,2550,1272,7,0,2017,1
327,2551,332,8,0,2017,1
327,2552,10,28,0,2017,1
328,3,262,5,0,2017,1
328,8,75,0,0,2017,1
328,9,70,0,0,2017,1
328,147,472,8,0,2017,1
328,535,25,30,0,2017,1
328,561,520,9,0,2017,1
328,567,1229,8,0,2017,1
328,2550,2130,7,0,2017,1
328,2551,631,8,0,2017,1
328,2552,24,28,0,2017,1
329,3,2970,5,0,2017,1
329,8,518,0,0,2017,1
329,9,295,0,0,2017,1
329,147,7306,8,0,2017,1
329,535,136,30,0,2017,1
329,561,3867,9,0,2017,1
329,567,18081,8,0,2017,1
329,2550,18438,7,0,2017,1
329,2551,13357,8,0,2017,1
329,2552,312,28,0,2017,1
330,3,937,5,0,2017,1
330,8,156,0,0,2017,1
330,9,125,0,0,2017,1
330,147,592,8,0,2017,1
330,535,66,30,0,2017,1
330,561,718,9,0,2017,1
330,567,5274,8,0,2017,1
330,2550,8418,7,0,2017,1
330,2551,2935,8,0,2017,1
330,2552,122,28,0,2017,1
331,3,5870,5,0,2017,1
331,8,1069,0,0,2017,1
331,9,548,0,0,2017,1
331,147,8636,8,0,2017,1
331,535,267,30,0,2017,1
331,561,5479,9,0,2017,1
331,567,22615,8,0,2017,1
331,2550,31625,7,0,2017,1
331,2551,43726,8,0,2017,1
331,2552,743,28,0,2017,1
332,3,73,5,0,2017,1
332,8,11,0,0,2017,1
332,9,22,0,0,2017,1
332,147,100,8,0,2017,1
332,535,5,30,0,2017,1
332,561,91,9,0,2017,1
332,567,675,8,0,2017,1
332,2550,1235,7,0,2017,1
332,2551,188,8,0,2017,1
332,2552,9,28,0,2017,1
333,3,787,5,0,2017,1
333,8,187,0,0,2017,1
333,9,114,0,0,2017,1
333,147,2135,8,0,2017,1
333,535,56,30,0,2017,1
333,561,965,9,0,2017,1
333,567,2652,8,0,2017,1
333,2550,5622,7,0,2017,1
333,2551,1283,8,0,2017,1
333,2552,69,28,0,2017,1
334,3,541,5,0,2017,1
334,8,122,0,0,2017,1
334,9,111,0,0,2017,1
334,147,286,8,0,2017,1
334,535,25,30,0,2017,1
334,561,830,9,0,2017,1
334,567,2526,8,0,2017,1
334,2550,3958,7,0,2017,1
334,2551,1525,8,0,2017,1
334,2552,41,28,0,2017,1
335,3,512,5,0,2017,1
335,8,136,0,0,2017,1
335,9,132,0,0,2017,1
335,147,1150,8,0,2017,1
335,535,50,30,0,2017,1
335,561,703,9,0,2017,1
335,567,2505,8,0,2017,1
335,2550,3989,7,0,2017,1
335,2551,1083,8,0,2017,1
335,2552,42,28,0,2017,1
336,3,348,5,0,2017,1
336,8,49,0,0,2017,1
336,9,53,0,0,2017,1
336,147,395,8,0,2017,1
336,535,18,30,0,2017,1
336,561,414,9,0,2017,1
336,567,1405,8,0,2017,1
336,2550,2885,7,0,2017,1
336,2551,707,8,0,2017,1
336,2552,28,28,0,2017,1
337,3,2170,5,0,2017,1
337,8,379,0,0,2017,1
337,9,134,0,0,2017,1
337,147,4660,8,0,2017,1
337,535,77,30,0,2017,1
337,561,2001,9,0,2017,1
337,567,8064,8,0,2017,1
337,2550,15543,7,0,2017,1
337,2551,13024,8,0,2017,1
337,2552,243,28,0,2017,1
338,3,790,5,0,2017,1
338,8,208,0,0,2017,1
338,9,145,0,0,2017,1
338,147,2417,8,0,2017,1
338,535,60,30,0,2017,1
338,561,1133,9,0,2017,1
338,567,3685,8,0,2017,1
338,2550,9511,7,0,2017,1
338,2551,2881,8,0,2017,1
338,2552,87,28,0,2017,1
339,3,5904,5,0,2017,1
339,8,1123,0,0,2017,1
339,9,461,0,0,2017,1
339,147,13106,8,0,2017,1
339,535,240,30,0,2017,1
339,561,7076,9,0,2017,1
339,567,23654,8,0,2017,1
339,2550,50612,7,0,2017,1
339,2551,34593,8,0,2017,1
339,2552,656,28,0,2017,1
340,3,596,5,0,2017,1
340,8,530,0,0,2017,1
340,9,201,0,0,2017,1
340,147,4067,8,0,2017,1
340,535,17,30,0,2017,1
340,561,4407,9,0,2017,1
340,567,2669,8,0,2017,1
340,2550,42997,7,0,2017,1
340,2551,3177,8,0,2017,1
340,2552,90,28,0,2017,1
341,3,458,5,0,2017,1
341,8,96,0,0,2017,1
341,9,79,0,0,2017,1
341,147,513,8,0,2017,1
341,535,37,30,0,2017,1
341,561,504,9,0,2017,1
341,567,1595,8,0,2017,1
341,2550,2759,7,0,2017,1
341,2551,668,8,0,2017,1
341,2552,27,28,0,2017,1
342,3,476,5,0,2017,1
342,8,154,0,0,2017,1
342,9,116,0,0,2017,1
342,147,740,8,0,2017,1
342,535,121,30,0,2017,1
342,561,827,9,0,2017,1
342,567,1921,8,0,2017,1
342,2550,3713,7,0,2017,1
342,2551,1130,8,0,2017,1
342,2552,63,28,0,2017,1
343,3,253,5,0,2017,1
343,8,56,0,0,2017,1
343,9,50,0,0,2017,1
343,147,414,8,0,2017,1
343,535,32,30,0,2017,1
343,561,554,9,0,2017,1
343,567,1795,8,0,2017,1
343,2550,2607,7,0,2017,1
343,2551,895,8,0,2017,1
343,2552,34,28,0,2017,1
344,3,143,5,0,2017,1
344,8,29,0,0,2017,1
344,9,25,0,0,2017,1
344,147,177,8,0,2017,1
344,535,4,30,0,2017,1
344,561,299,9,0,2017,1
344,567,436,8,0,2017,1
344,2550,2395,7,0,2017,1
344,2551,603,8,0,2017,1
344,2552,15,28,0,2017,1
346,3,1637,5,0,2017,1
346,8,204,0,0,2017,1
346,9,149,0,0,2017,1
346,147,1357,8,0,2017,1
346,535,68,30,0,2017,1
346,561,1169,9,0,2017,1
346,567,4743,8,0,2017,1
346,2550,9546,7,0,2017,1
346,2551,4497,8,0,2017,1
346,2552,109,28,0,2017,1
